PMID35121907_TableS32_ImmAssoMolecules	gene
Immunologically_Associated_Molecules_Tetraspanin	TSPAN6
Immunologically_Associated_Molecules_NK_cell_co-stimulator	KMT2E
Immunologically_Associated_Molecules_Integrin	ITGAL
Immunologically_Associated_Molecules_Integrin	ITGA3
Immunologically_Associated_Molecules_Integrin	ITGA2B
Immunologically_Associated_Molecules_Ligand_CX3C	CX3CL1
Immunologically_Associated_Molecules_Tumor_necrosis_factor_receptor_superfamily	TNFRSF12A
Immunologically_Associated_Molecules_SelectinCTLDs_IV_Selectin	SELE
Immunologically_Associated_Molecules_Cadherin	CELSR3
Immunologically_Associated_Molecules_CTLDs_X_Polycystin_family	PKD1
Immunologically_Associated_Molecules_Tetraspanin	CD9
Immunologically_Associated_Molecules_Scavenger_receptor	STAB1
Immunologically_Associated_Molecules_CTLDs_VI_MMR_family	MRC2
Immunologically_Associated_Molecules_Tetraspanin	TSPAN9
Immunologically_Associated_Molecules_NK_cell_co-stimulator	TYROBP
Immunologically_Associated_Molecules_IgSF_CAMB_cell_co-inhibitor	CD22
Immunologically_Associated_Molecules_IL-10_receptor_family	IL20RA
Immunologically_Associated_Molecules_IgSF_CAM	CNTN1
Immunologically_Associated_Molecules_IgSF_CAM	VSIG2
Immunologically_Associated_Molecules_Scavenger_receptor	MARCO
Immunologically_Associated_Molecules_Tumor_necrosis_factor_receptor_superfamily	FAS
Immunologically_Associated_Molecules_T_cell_co-stimulator/co-inhibitor	SLAMF7
Immunologically_Associated_Molecules_T_cell_co-inhibitor	BTN3A1
Immunologically_Associated_Molecules_Interferon_receptor_family	IFNGR1
Immunologically_Associated_Molecules_Tumor_necrosis_factor_receptor_superfamily	TNFRSF1B
Immunologically_Associated_Molecules_Scavenger_receptor	MSR1
Immunologically_Associated_Molecules_Cadherin	CDH1
Immunologically_Associated_Molecules_Cadherin	CDH10
Immunologically_Associated_Molecules_Cadherin	DSG2
Immunologically_Associated_Molecules_Tetraspanin	TSPAN17
Immunologically_Associated_Molecules_Tumor_necrosis_factor_receptor_superfamily	TNFRSF17
Immunologically_Associated_Molecules_Other	KITLG
Immunologically_Associated_Molecules_Tumor_necrosis_factor_receptor_superfamilyT_cell_co-stimulator	TNFRSF9
Immunologically_Associated_Molecules_T_cell_co-inhibitor	CYBA
Immunologically_Associated_Molecules_CTLDs_VI_MMR_family	LY75
Immunologically_Associated_Molecules_Tumor_necrosis_factor_receptor_superfamilyT_cell_co-stimulator	RELT
Immunologically_Associated_Molecules_IL-17_receptor_family	IL17RB
Immunologically_Associated_Molecules_Cadherin	CDH3
Immunologically_Associated_Molecules_Tetraspanin	TSPAN32
Immunologically_Associated_Molecules_Tumor_necrosis_factor_receptor_superfamily	NGFR
Immunologically_Associated_Molecules_IgSF_CAMT_cell_co-stimulator	CD84
Immunologically_Associated_Molecules_IgSF_CAM	NEO1
Immunologically_Associated_Molecules_Tumor_necrosis_factor_receptor_superfamily	TNFRSF1A
Immunologically_Associated_Molecules_NK_cell_co-inhibitorCTLDs_V_NK_receptor	CLEC2D
Immunologically_Associated_Molecules_TGF-beta_receptor_family	TGFBR3
Immunologically_Associated_Molecules_CTLDs_XIII_IDD	DGCR2
Immunologically_Associated_Molecules_Cadherin	CDH19
Immunologically_Associated_Molecules_Fc_ReceptorB_cell_co-inhibitor	FCGR2B
Immunologically_Associated_Molecules_IgSF_CAMT_cell_co-stimulator/co-inhibitor	PVR
Immunologically_Associated_Molecules_Scavenger_receptor	SCARB1
Immunologically_Associated_Molecules_Cadherin	CDHR2
Immunologically_Associated_Molecules_Scavenger_receptor	SCARF1
Immunologically_Associated_Molecules_Cadherin	CELSR1
Immunologically_Associated_Molecules_IgSF_CAM	ICAM3
Immunologically_Associated_Molecules_IgSF_CAM	MCAM
Immunologically_Associated_Molecules_IL-2_receptor_family	IL4R
Immunologically_Associated_Molecules_Integrin	ITGA8
Immunologically_Associated_Molecules_Cadherin	CDH17
Immunologically_Associated_Molecules_Cadherin	CDH7
Immunologically_Associated_Molecules_Cadherin	PCDHB4
Immunologically_Associated_Molecules_Cadherin	PCDHA6
Immunologically_Associated_Molecules_Cadherin	PCDHGA2
Immunologically_Associated_Molecules_IL-12_receptor_family	IL12RB2
Immunologically_Associated_Molecules_Integrin	ITGB5
Immunologically_Associated_Molecules_Integrin	ITGAE
Immunologically_Associated_Molecules_Cadherin	FAT1
Immunologically_Associated_Molecules_Tetraspanin	CD82
Immunologically_Associated_Molecules_Cadherin	FAT2
Immunologically_Associated_Molecules_IgSF_CAM	GP6
Immunologically_Associated_Molecules_CTLDs_XI_Attractin_family	ATRN
Immunologically_Associated_Molecules_IgSF_CAM	SIGLEC1
Immunologically_Associated_Molecules_IgSF_CAM	SIRPG
Immunologically_Associated_Molecules_T_cell_co-inhibitor	LAG3
Immunologically_Associated_Molecules_IgSF_CAM	ICAM1
Immunologically_Associated_Molecules_Other	FLT3LG
Immunologically_Associated_Molecules_CTLDs_II_Type_2_receptor	CD209
Immunologically_Associated_Molecules_IgSF_CAM	NRCAM
Immunologically_Associated_Molecules_IL-3_receptor_family	IL5RA
Immunologically_Associated_Molecules_Integrin	ITGA6
Immunologically_Associated_Molecules_Atypical_chemokine_Receptor	PITPNM3
Immunologically_Associated_Molecules_T_cell_co-inhibitor	CD200
Immunologically_Associated_Molecules_NK_cell_co-stimulator/co-inhibitor	NCR2
Immunologically_Associated_Molecules_IL-12_receptor_family	IL12RB1
Immunologically_Associated_Molecules_Tetraspanin	TSPAN15
Immunologically_Associated_Molecules_Cadherin	PCDH11Y
Immunologically_Associated_Molecules_Cadherin	CDHR5
Immunologically_Associated_Molecules_IgSF_CAM	MADCAM1
Immunologically_Associated_Molecules_IL-3_receptor_family	CSF2RB
Immunologically_Associated_Molecules_IL-2_receptor_familyT_cell_co-stimulator	IL2RB
Immunologically_Associated_Molecules_Tumor_necrosis_factor_receptor_superfamilyT_cell_co-stimulator	CD40
Immunologically_Associated_Molecules_Cadherin	CDH20
Immunologically_Associated_Molecules_IgSF_CAM	VSIG1
Immunologically_Associated_Molecules_TNFT_cell_co-stimulator	CD40LG
Immunologically_Associated_Molecules_Cadherin	PCDH11X
Immunologically_Associated_Molecules_TNFB_cell_co-stimulator	TNFSF13B
Immunologically_Associated_Molecules_IL-2_receptor_family	IL21R
Immunologically_Associated_Molecules_T_cell_co-stimulator/co-inhibitor	CD276
Immunologically_Associated_Molecules_Tumor_necrosis_factor_receptor_superfamily	TNFRSF10A
Immunologically_Associated_Molecules_Fc_Receptor	FCGRT
Immunologically_Associated_Molecules_Tetraspanin	CD37
Immunologically_Associated_Molecules_Fc_ReceptorCTLDs_II_Type_2_receptor	FCER2
Immunologically_Associated_Molecules_CTLDs_II_Type_2_receptor	CLEC4M
Immunologically_Associated_Molecules_T_cell_co-inhibitor	LILRB1
Immunologically_Associated_Molecules_IL-6_receptor_family	IL27RA
Immunologically_Associated_Molecules_IgSF_CAM	SIGLEC8
Immunologically_Associated_Molecules_IgSF_CAM	ICAM4
Immunologically_Associated_Molecules_IgSF_CAM	ICAM5
Immunologically_Associated_Molecules_IgSF_CAM	CD33
Immunologically_Associated_Molecules_IgSF_CAM	SIGLEC6
Immunologically_Associated_Molecules_IgSF_CAM	SIGLEC5
Immunologically_Associated_Molecules_T_cell_co-inhibitor	LILRB5
Immunologically_Associated_Molecules_Tetraspanin	UPK1A
Immunologically_Associated_Molecules_IgSF_CAM	MAG
Immunologically_Associated_Molecules_IgSF_CAM	CADM4
Immunologically_Associated_Molecules_Integrin	ITGB8
Immunologically_Associated_Molecules_Tetraspanin	TSPAN12
Immunologically_Associated_Molecules_T_cell_co-stimulator	EPHB6
Immunologically_Associated_Molecules_Tetraspanin	TSPAN13
Immunologically_Associated_Molecules_TGF-beta_receptor_family	TGFBR1
Immunologically_Associated_Molecules_TNFT_cell_co-stimulator	TNFSF8
Immunologically_Associated_Molecules_IgSF_CAM	UNC5B
Immunologically_Associated_Molecules_Cadherin	CDH23
Immunologically_Associated_Molecules_T_cell_co-inhibitor	C10orf54
Immunologically_Associated_Molecules_TGF-beta_receptor_family	BMPR1A
Immunologically_Associated_Molecules_Tetraspanin	TSPAN14
Immunologically_Associated_Molecules_IgSF_CAM	ICAM2
Immunologically_Associated_Molecules_IgSF_CAMNK_cell_co-stimulator	CRTAM
Immunologically_Associated_Molecules_IL-10_receptor_family	IL10RA
Immunologically_Associated_Molecules_IgSF_CAM	PVRL1
Immunologically_Associated_Molecules_TetraspaninB_cell_co-stimulator	CD81
Immunologically_Associated_Molecules_CTLDs_V_NK_receptor	CD69
Immunologically_Associated_Molecules_CTLDs_V_NK_receptor	CLEC2B
Immunologically_Associated_Molecules_Tetraspanin	TSPAN11
Immunologically_Associated_Molecules_Tumor_necrosis_factor_receptor_superfamilyT_cell_co-stimulator	LTBR
Immunologically_Associated_Molecules_CTLDs_II_Type_2_receptor	CLEC4A
Immunologically_Associated_Molecules_NK_cell_co-stimulator/co-inhibitorCTLDs_V_NK_receptor	KLRB1
Immunologically_Associated_Molecules_T_cell_co-inhibitor	BTN3A3
Immunologically_Associated_Molecules_NK_cell_co-stimulator	ULBP1
Immunologically_Associated_Molecules_C-C_motif_chemokine_Receptor	CCR6
Immunologically_Associated_Molecules_Tetraspanin	PRPH2
Immunologically_Associated_Molecules_Cadherin	PCDHB2
Immunologically_Associated_Molecules_Prolactin_receptor_family	GHR
Immunologically_Associated_Molecules_Cadherin	CDH9
Immunologically_Associated_Molecules_Cadherin	PCDHB3
Immunologically_Associated_Molecules_Cadherin	PCDHB5
Immunologically_Associated_Molecules_Cadherin	PCDHB6
Immunologically_Associated_Molecules_Cadherin	PCDHB7
Immunologically_Associated_Molecules_Cadherin	PCDHB15
Immunologically_Associated_Molecules_T_cell_co-stimulator/co-inhibitor	HAVCR1
Immunologically_Associated_Molecules_T_cell_co-stimulator	BTNL8
Immunologically_Associated_Molecules_Cadherin	CDH6
Immunologically_Associated_Molecules_Prolactin_receptor_family	PRLR
Immunologically_Associated_Molecules_Cadherin	PCDH12
Immunologically_Associated_Molecules_IL-6_receptor_family	LIFR
Immunologically_Associated_Molecules_IgSF_CAM	UNC5A
Immunologically_Associated_Molecules_IgSF_CAM	CNTN3
Immunologically_Associated_Molecules_T_cell_co-stimulator/co-inhibitor	CD86
Immunologically_Associated_Molecules_T_cell_co-inhibitor	HHLA2
Immunologically_Associated_Molecules_Tetraspanin	UPK1B
Immunologically_Associated_Molecules_TGF-beta_receptor_family	ACVR2B
Immunologically_Associated_Molecules_TGF-beta_receptor_family	ACVR1
Immunologically_Associated_Molecules_Integrin	ITGB6
Immunologically_Associated_Molecules_IntegrinT_cell_co-stimulator	ITGA4
Immunologically_Associated_Molecules_Immunoglobulin-like_family_of_IL-1_receptors	IL1R2
Immunologically_Associated_Molecules_Immunoglobulin-like_family_of_IL-1_receptors	IL1R1
Immunologically_Associated_Molecules_Immunoglobulin-like_family_of_IL-1_receptors	IL1RL2
Immunologically_Associated_Molecules_Immunoglobulin-like_family_of_IL-1_receptors	IL1RL1
Immunologically_Associated_Molecules_Immunoglobulin-like_family_of_IL-1_receptors	IL18R1
Immunologically_Associated_Molecules_CTLDs_II_Type_2_receptor	CD207
Immunologically_Associated_Molecules_IL-6_receptor_family	LEPR
Immunologically_Associated_Molecules_IgSF_CAMT_cell_co-stimulator	CD58
Immunologically_Associated_Molecules_IgSF_CAMT_cell_co-stimulator	CD2
Immunologically_Associated_Molecules_IgSF_CAMT_cell_co-stimulator	SLAMF1
Immunologically_Associated_Molecules_T_cell_co-stimulator/co-inhibitor	CD48
Immunologically_Associated_Molecules_T_cell_co-inhibitor	CD160
Immunologically_Associated_Molecules_B_cell_co-stimulatorComplement_receptor	CR2
Immunologically_Associated_Molecules_Prolactin_receptor_family	MPL
Immunologically_Associated_Molecules_Tetraspanin	TSPAN1
Immunologically_Associated_Molecules_TNF	FASLG
Immunologically_Associated_Molecules_TNFT_cell_co-stimulator	TNFSF4
Immunologically_Associated_Molecules_Cadherin	PCDH17
Immunologically_Associated_Molecules_Prolactin_receptor_family	CSF3R
Immunologically_Associated_Molecules_T_cell_co-inhibitor	CD274
Immunologically_Associated_Molecules_Cadherin	PCDHB8
Immunologically_Associated_Molecules_Cadherin	PCDHB10
Immunologically_Associated_Molecules_Cadherin	PCDHB14
Immunologically_Associated_Molecules_Cadherin	PCDHB12
Immunologically_Associated_Molecules_TNFT_cell_co-stimulator	TNFSF18
Immunologically_Associated_Molecules_TNF	TNFSF11
Immunologically_Associated_Molecules_Tumor_necrosis_factor_receptor_superfamily	TNFRSF10B
Immunologically_Associated_Molecules_Tumor_necrosis_factor_receptor_superfamilyT_cell_co-stimulator	TNFRSF8
Immunologically_Associated_Molecules_T_cell_co-stimulator/co-inhibitor	CD80
Immunologically_Associated_Molecules_Atypical_chemokine_Receptor	CCRL2
Immunologically_Associated_Molecules_C-C_motif_chemokine_Receptor	CCR2
Immunologically_Associated_Molecules_TNF	TNFSF10
Immunologically_Associated_Molecules_C-X-C_motif_chemokine_Receptor	CXCR4
Immunologically_Associated_Molecules_TGF-beta_receptor_family	ACVR2A
Immunologically_Associated_Molecules_IgSF_CAMT_cell_co-inhibitor	CD244
Immunologically_Associated_Molecules_T_cell_co-stimulator	LY9
Immunologically_Associated_Molecules_IL-6_receptor_family	CNTFR
Immunologically_Associated_Molecules_IL-2_receptor_family	IL13RA2
Immunologically_Associated_Molecules_TGF-beta_receptor_family	ACVR1C
Immunologically_Associated_Molecules_Cadherin	CDH26
Immunologically_Associated_Molecules_IL-2_receptor_family	IL9R
Immunologically_Associated_Molecules_T_cell_co-inhibitor	BTN2A2
Immunologically_Associated_Molecules_T_cell_co-inhibitor	BTN1A1
Immunologically_Associated_Molecules_NK_cell_co-inhibitor	KIR2DL1
Immunologically_Associated_Molecules_TNFT_cell_co-stimulator	TNFSF9
Immunologically_Associated_Molecules_TNFT_cell_co-stimulator	CD70
Immunologically_Associated_Molecules_TNFT_cell_co-stimulator	TNFSF14
Immunologically_Associated_Molecules_CTLDs_XIV_Endosialin_family	CD93
Immunologically_Associated_Molecules_IgSF_CAM	LRFN3
Immunologically_Associated_Molecules_NK_cell_co-stimulator	HCST
Immunologically_Associated_Molecules_C-C_motif_chemokine_Receptor	CCR7
Immunologically_Associated_Molecules_Tetraspanin	TSPAN8
Immunologically_Associated_Molecules_IgSF_CAM	FGFRL1
Immunologically_Associated_Molecules_Tumor_necrosis_factor_receptor_superfamily	TNFRSF19
Immunologically_Associated_Molecules_IgSF_CAM	LRFN1
Immunologically_Associated_Molecules_T_cell_co-inhibitor	ADORA2A
Immunologically_Associated_Molecules_Cadherin	CDHR3
Immunologically_Associated_Molecules_IgSF_CAM	LRRC4
Immunologically_Associated_Molecules_Atypical_chemokine_Receptor	ACKR4
Immunologically_Associated_Molecules_Scavenger_receptor	CD68
Immunologically_Associated_Molecules_IgSF_CAMT_cell_co-inhibitor	SIGLEC9
Immunologically_Associated_Molecules_Cadherin	CDH15
Immunologically_Associated_Molecules_Tetraspanin	TSPAN16
Immunologically_Associated_Molecules_IgSF_CAMT_cell_co-stimulator/co-inhibitor	PVRL2
Immunologically_Associated_Molecules_NK_cell_co-stimulator	ULBP2
Immunologically_Associated_Molecules_NK_cell_co-stimulator	ULBP3
Immunologically_Associated_Molecules_IgSF_CAMT_cell_co-inhibitor	LILRB2
Immunologically_Associated_Molecules_Tumor_necrosis_factor_receptor_superfamily	EDA2R
Immunologically_Associated_Molecules_IgSF_CAM	LRRC4B
Immunologically_Associated_Molecules_IL-2_receptor_family	IL13RA1
Immunologically_Associated_Molecules_Integrin	ITGB4
Immunologically_Associated_Molecules_CTLDs_II_Type_2_receptor	CLEC10A
Immunologically_Associated_Molecules_Fc_Receptor	FCRL2
Immunologically_Associated_Molecules_IgSF_CAM	CNTN6
Immunologically_Associated_Molecules_IgSF_CAM	CHL1
Immunologically_Associated_Molecules_Tetraspanin	TSPAN2
Immunologically_Associated_Molecules_T_cell_co-inhibitor	VTCN1
Immunologically_Associated_Molecules_IL-6_receptor_family	IL6ST
Immunologically_Associated_Molecules_IL-2_receptor_family	IL2RA
Immunologically_Associated_Molecules_IL-2_receptor_family	IL15RA
Immunologically_Associated_Molecules_NK_cell_co-stimulator/co-inhibitorCTLDs_V_NK_receptor	KLRD1
Immunologically_Associated_Molecules_NK_cell_co-inhibitorCTLDs_V_NK_receptor	KLRC1
Immunologically_Associated_Molecules_Cadherin	DSC2
Immunologically_Associated_Molecules_Cadherin	DSG3
Immunologically_Associated_Molecules_Cadherin	DSG1
Immunologically_Associated_Molecules_Cadherin	DSC3
Immunologically_Associated_Molecules_Cadherin	DSC1
Immunologically_Associated_Molecules_Complement_receptor	C5AR2
Immunologically_Associated_Molecules_T_cell_co-inhibitor	HAVCR2
Immunologically_Associated_Molecules_Scavenger_receptor	CD36
Immunologically_Associated_Molecules_Tetraspanin	CD63
Immunologically_Associated_Molecules_TGF-beta_receptor_family	AMHR2
Immunologically_Associated_Molecules_Integrin	ITGA7
Immunologically_Associated_Molecules_Tetraspanin	TSPAN31
Immunologically_Associated_Molecules_TGF-beta_receptor_family	ACVR1B
Immunologically_Associated_Molecules_Tumor_necrosis_factor_receptor_superfamily	EDAR
Immunologically_Associated_Molecules_Scavenger_receptor	STAB2
Immunologically_Associated_Molecules_Cadherin	PCDH8
Immunologically_Associated_Molecules_Toll_like_receptor	TLR4
Immunologically_Associated_Molecules_IL-6_receptor_family	IL11RA
Immunologically_Associated_Molecules_B_cell_co-inhibitorCTLDs_V_NK_receptor	CD72
Immunologically_Associated_Molecules_Toll_like_receptor	TLR2
Immunologically_Associated_Molecules_Integrin	ITGA11
Immunologically_Associated_Molecules_Integrin	ITGAV
Immunologically_Associated_Molecules_Cadherin	PCDH10
Immunologically_Associated_Molecules_TGF-beta_receptor_family	BMPR1B
Immunologically_Associated_Molecules_Scavenger_receptor	SCARB2
Immunologically_Associated_Molecules_Cadherin	CLSTN3
Immunologically_Associated_Molecules_CTLDs_V_NK_receptor	KLRG1
Immunologically_Associated_Molecules_Tumor_necrosis_factor_receptor_superfamilyT_cell_co-stimulator	CD27
Immunologically_Associated_Molecules_TGF-beta_receptor_family	ACVRL1
Immunologically_Associated_Molecules_IntegrinT_cell_co-stimulator	ITGB7
Immunologically_Associated_Molecules_Cadherin	CDH24
Immunologically_Associated_Molecules_Tetraspanin	TSPAN3
Immunologically_Associated_Molecules_IntegrinComplement_receptor	ITGAX
Immunologically_Associated_Molecules_Cadherin	CDH11
Immunologically_Associated_Molecules_Cadherin	CDH13
Immunologically_Associated_Molecules_CTLDs_II_Type_2_receptor	ASGR1
Immunologically_Associated_Molecules_Tumor_necrosis_factor_receptor_superfamily	TNFRSF11A
Immunologically_Associated_Molecules_Interferon_receptor_family	IFNAR1
Immunologically_Associated_Molecules_IgSF_CAMB_cell_co-inhibitor	SIGLEC10
Immunologically_Associated_Molecules_IgSF_CAM	IGLON5
Immunologically_Associated_Molecules_IL-10_receptor_family	IL22RA1
Immunologically_Associated_Molecules_Tetraspanin	CD53
Immunologically_Associated_Molecules_Cadherin	CELSR2
Immunologically_Associated_Molecules_Integrin	ITGA10
Immunologically_Associated_Molecules_IgSF_CAM	GPA33
Immunologically_Associated_Molecules_IgSF_CAM	PVRL4
Immunologically_Associated_Molecules_Fc_Receptor	FCGR2A
Immunologically_Associated_Molecules_Fc_Receptor	FCRL5
Immunologically_Associated_Molecules_Atypical_chemokine_Receptor	ACKR3
Immunologically_Associated_Molecules_IgSF_CAM	CNTN4
Immunologically_Associated_Molecules_Atypical_chemokine_Receptor	ACKR2
Immunologically_Associated_Molecules_Integrin	ITGA9
Immunologically_Associated_Molecules_IL-17_receptor_family	IL17RD
Immunologically_Associated_Molecules_IgSF_CAM	IGSF11
Immunologically_Associated_Molecules_IgSF_CAM	BOC
Immunologically_Associated_Molecules_Mucin	MUC4
Immunologically_Associated_Molecules_Cadherin	CDH18
Immunologically_Associated_Molecules_IL-6_receptor_family	OSMR
Immunologically_Associated_Molecules_Scavenger_receptor	MEGF10
Immunologically_Associated_Molecules_T_cell_co-stimulator/co-inhibitor	TIMD4
Immunologically_Associated_Molecules_Cadherin	PCDHB18P
Immunologically_Associated_Molecules_Tumor_necrosis_factor_receptor_superfamily	TNFRSF21
Immunologically_Associated_Molecules_IgSF_CAM	SDK1
Immunologically_Associated_Molecules_IL-2_receptor_family	IL2RG
Immunologically_Associated_Molecules_Cadherin	CDHR1
Immunologically_Associated_Molecules_IgSF_CAM	LRRC4C
Immunologically_Associated_Molecules_IgSF_CAM	NCAM1
Immunologically_Associated_Molecules_Tetraspanin	ROM1
Immunologically_Associated_Molecules_IgSF_CAM	ESAM
Immunologically_Associated_Molecules_IgSF_CAM	MPZL2
Immunologically_Associated_Molecules_Cadherin	CDH22
Immunologically_Associated_Molecules_IgSF_CAM	CNTN5
Immunologically_Associated_Molecules_CTLDs_V_NK_receptor	KLRF1
Immunologically_Associated_Molecules_CTLDs_V_NK_receptor	CLEC1A
Immunologically_Associated_Molecules_IntegrinT_cell_co-stimulator	ITGB1
Immunologically_Associated_Molecules_Cadherin	PCDH15
Immunologically_Associated_Molecules_Fc_Receptor	FCGR1A
Immunologically_Associated_Molecules_Cadherin	CDH8
Immunologically_Associated_Molecules_T_cell_co-stimulator	CD226
Immunologically_Associated_Molecules_CTLDs_II_Type_2_receptor	CLEC4F
Immunologically_Associated_Molecules_CTLDs_VI_MMR_family	PLA2R1
Immunologically_Associated_Molecules_IgSF_CAMNK_cell_co-inhibitor	CD96
Immunologically_Associated_Molecules_IgSF_CAM	THY1
Immunologically_Associated_Molecules_Cadherin	CDH12
Immunologically_Associated_Molecules_IgSF_CAM	CXADR
Immunologically_Associated_Molecules_CTLDs_VIII_Type_1_receptor	CHODL
Immunologically_Associated_Molecules_IgSF_CAM	NCAM2
Immunologically_Associated_Molecules_IgSF_CAM	JAM2
Immunologically_Associated_Molecules_NK_cell_co-stimulator	RAET1L
Immunologically_Associated_Molecules_Tetraspanin	TSPAN7
Immunologically_Associated_Molecules_Cadherin	PCDH1
Immunologically_Associated_Molecules_IgSF_CAM	LRFN2
Immunologically_Associated_Molecules_IgSF_CAM	UNC5D
Immunologically_Associated_Molecules_Integrin	ITGAD
Immunologically_Associated_Molecules_Tetraspanin	TSPAN18
Immunologically_Associated_Molecules_Tumor_necrosis_factor_receptor_superfamilyT_cell_co-stimulator/co-inhibitor	TNFRSF14
Immunologically_Associated_Molecules_Cadherin	CLSTN2
Immunologically_Associated_Molecules_CTLDs_II_Type_2_receptor	COLEC12
Immunologically_Associated_Molecules_Tetraspanin	TSPAN33
Immunologically_Associated_Molecules_T_cell_co-stimulator	SLAMF8
Immunologically_Associated_Molecules_IgSF_CAM	F11R
Immunologically_Associated_Molecules_TNF	EDA
Immunologically_Associated_Molecules_Fc_ReceptorNK_cell_co-stimulator	FCER1G
Immunologically_Associated_Molecules_IgSF_CAM	MPZ
Immunologically_Associated_Molecules_Interferon_receptor_family	IFNAR2
Immunologically_Associated_Molecules_Interferon_receptor_family	IFNGR2
Immunologically_Associated_Molecules_Tumor_necrosis_factor_receptor_superfamilyB_cell_co-stimulator	TNFRSF13C
Immunologically_Associated_Molecules_T_cell_co-stimulator	ICOSLG
Immunologically_Associated_Molecules_IntegrinComplement_receptor	ITGB2
Immunologically_Associated_Molecules_IgSF_CAM	AMICA1
Immunologically_Associated_Molecules_C-X-C_motif_chemokine_Receptor	CXCR5
Immunologically_Associated_Molecules_IL-6_receptor_family	IL6R
Immunologically_Associated_Molecules_C-C_motif_chemokine_Receptor	CCR5
Immunologically_Associated_Molecules_Fc_Receptor	FCRL3
Immunologically_Associated_Molecules_Integrin	ITGA5
Immunologically_Associated_Molecules_IgSF_CAM	SIGLEC11
Immunologically_Associated_Molecules_IgSF_CAM	SIGLEC16
Immunologically_Associated_Molecules_Ligand_CXCScavenger_receptor	CXCL16
Immunologically_Associated_Molecules_CTLDs_II_Type_2_receptor	ASGR2
Immunologically_Associated_Molecules_IL-12_receptor_family	IL23R
Immunologically_Associated_Molecules_IgSF_CAM	VCAM1
Immunologically_Associated_Molecules_IgSF_CAM	CADM3
Immunologically_Associated_Molecules_T_cell_co-stimulator	SLAMF9
Immunologically_Associated_Molecules_IgSF_CAMT_cell_co-stimulator	SLAMF6
Immunologically_Associated_Molecules_Fc_Receptor	FCGR3B
Immunologically_Associated_Molecules_Fc_Receptor	FCMR
Immunologically_Associated_Molecules_Fc_Receptor	FCAMR
Immunologically_Associated_Molecules_C-X-C_motif_chemokine_Receptor	CXCR1
Immunologically_Associated_Molecules_TGF-beta_receptor_family	TGFBR2
Immunologically_Associated_Molecules_Fc_Receptor	FCRL4
Immunologically_Associated_Molecules_IgSF_CAM	NFASC
Immunologically_Associated_Molecules_Fc_Receptor	FCRL1
Immunologically_Associated_Molecules_T_cell_co-inhibitor	CTLA4
Immunologically_Associated_Molecules_T_cell_co-stimulator	ICOS
Immunologically_Associated_Molecules_T_cell_co-inhibitor	CD200R1
Immunologically_Associated_Molecules_IL-17_receptor_family	IL17RE
Immunologically_Associated_Molecules_IL-17_receptor_family	IL17RC
Immunologically_Associated_Molecules_C-C_motif_chemokine_Receptor	CCR1
Immunologically_Associated_Molecules_Mucin	EMCN
Immunologically_Associated_Molecules_Integrin	ITGA2
Immunologically_Associated_Molecules_IL-6_receptor_family	IL31RA
Immunologically_Associated_Molecules_NK_cell_co-stimulator	RAET1E
Immunologically_Associated_Molecules_NK_cell_co-stimulator	SYK
Immunologically_Associated_Molecules_T_cell_co-inhibitor	CYBB
Immunologically_Associated_Molecules_Cadherin	PCDH19
Immunologically_Associated_Molecules_Cadherin	FAT3
Immunologically_Associated_Molecules_IgSF_CAM	LRFN5
Immunologically_Associated_Molecules_IgSF_CAM	HEPACAM
Immunologically_Associated_Molecules_CTLDs_V_NK_receptor	CLEC1B
Immunologically_Associated_Molecules_Cadherin	RET
Immunologically_Associated_Molecules_T_cell_co-inhibitor	BTNL9
Immunologically_Associated_Molecules_IgSF_CAM	JAM3
Immunologically_Associated_Molecules_IgSF_CAM	CLMP
Immunologically_Associated_Molecules_Cadherin	DCHS1
Immunologically_Associated_Molecules_CTLDs_X_Polycystin_family	PKD1L2
Immunologically_Associated_Molecules_CTLDs_II_Type_2_receptor	CLEC4E
Immunologically_Associated_Molecules_CTLDs_II_Type_2_receptor	CLEC4D
Immunologically_Associated_Molecules_Cadherin	CDH16
Immunologically_Associated_Molecules_T_cell_co-inhibitor	LAIR1
Immunologically_Associated_Molecules_NK_cell_co-inhibitor	KIR3DL1
Immunologically_Associated_Molecules_T_cell_co-stimulator	TMIGD2
Immunologically_Associated_Molecules_T_cell_co-inhibitor	CD300A
Immunologically_Associated_Molecules_Scavenger_receptor	SCARA5
Immunologically_Associated_Molecules_C-X-3-C_motif_chemokine_Receptor	CX3CR1
Immunologically_Associated_Molecules_IL-2_receptor_family	IL7R
Immunologically_Associated_Molecules_Tetraspanin	TSPAN5
Immunologically_Associated_Molecules_IgSF_CAMT_cell_co-inhibitor	SIGLEC7
Immunologically_Associated_Molecules_Mucin	MUC15
Immunologically_Associated_Molecules_Cadherin	PCDH7
Immunologically_Associated_Molecules_IgSF_CAM	ROBO1
Immunologically_Associated_Molecules_Mucin	MUC17
Immunologically_Associated_Molecules_Mucin	MUC3A
Immunologically_Associated_Molecules_IntegrinComplement_receptor	ITGAM
Immunologically_Associated_Molecules_IgSF_CAM	ALCAM
Immunologically_Associated_Molecules_Scavenger_receptor	CD14
Immunologically_Associated_Molecules_Cadherin	CDH2
Immunologically_Associated_Molecules_IgSF_CAM	DSCAM
Immunologically_Associated_Molecules_Cadherin	CLSTN1
Immunologically_Associated_Molecules_Cadherin	PCDHB1
Immunologically_Associated_Molecules_Complement_receptor	C3AR1
Immunologically_Associated_Molecules_C-X-C_motif_chemokine_Receptor	CXCR6
Immunologically_Associated_Molecules_T_cell_co-stimulatorCTLDs_V_NK_receptor	CLEC7A
Immunologically_Associated_Molecules_IgSF_CAM	NEGR1
Immunologically_Associated_Molecules_CTLDs_V_NK_receptor	CLEC12A
Immunologically_Associated_Molecules_CTLDs_V_NK_receptor	OLR1
Immunologically_Associated_Molecules_IgSF_CAM	PTPRM
Immunologically_Associated_Molecules_Tumor_necrosis_factor_receptor_superfamily	TNFRSF10D
Immunologically_Associated_Molecules_Tumor_necrosis_factor_receptor_superfamily	TNFRSF10C
Immunologically_Associated_Molecules_X-C_motif_chemokine_Receptor	XCR1
Immunologically_Associated_Molecules_C-C_motif_chemokine_Receptor	CCR9
Immunologically_Associated_Molecules_IgSF_CAM	LRFN4
Immunologically_Associated_Molecules_Mucin	MUC13
Immunologically_Associated_Molecules_T_cell_co-stimulator	CD7
Immunologically_Associated_Molecules_Toll_like_receptor	TLR10
Immunologically_Associated_Molecules_Toll_like_receptor	TLR1
Immunologically_Associated_Molecules_Toll_like_receptor	TLR6
Immunologically_Associated_Molecules_SelectinCTLDs_IV_Selectin	SELP
Immunologically_Associated_Molecules_IL-10_receptor_family	IL20RB
Immunologically_Associated_Molecules_CTLDs_XIV_Endosialin_family	CD248
Immunologically_Associated_Molecules_Cadherin	DSG4
Immunologically_Associated_Molecules_IgSF_CAM	CADM2
Immunologically_Associated_Molecules_CTLDs_XIV_Endosialin_family	CLEC14A
Immunologically_Associated_Molecules_Mucin	MUC20
Immunologically_Associated_Molecules_IgSF_CAM	DSCAML1
Immunologically_Associated_Molecules_B_cell_co-stimulator	CD19
Immunologically_Associated_Molecules_Scavenger_receptor	CD163
Immunologically_Associated_Molecules_IL-17_receptor_family	IL17RA
Immunologically_Associated_Molecules_Scavenger_receptor	CD163L1
Immunologically_Associated_Molecules_Tetraspanin	CD151
Immunologically_Associated_Molecules_IgSF_CAMT_cell_co-inhibitor	PVRL3
Immunologically_Associated_Molecules_Cadherin	PCDHB9
Immunologically_Associated_Molecules_IgSF_CAMT_cell_co-stimulator	CD28
Immunologically_Associated_Molecules_CTLDs_XIV_Endosialin_family	THBD
Immunologically_Associated_Molecules_IgSF_CAM	SIGLECL1
Immunologically_Associated_Molecules_Cadherin	CDH4
Immunologically_Associated_Molecules_Fc_Receptor	FCER1A
Immunologically_Associated_Molecules_Cadherin	CDH5
Immunologically_Associated_Molecules_C-C_motif_chemokine_Receptor	CCR8
Immunologically_Associated_Molecules_C-X-C_motif_chemokine_Receptor	CXCR2
Immunologically_Associated_Molecules_Fc_Receptor	FCRL6
Immunologically_Associated_Molecules_Mucin	MUC16
Immunologically_Associated_Molecules_TNFT_cell_co-stimulator	TNFSF15
Immunologically_Associated_Molecules_T_cell_co-inhibitor	TIGIT
Immunologically_Associated_Molecules_IgSF_CAM	IZUMO1
Immunologically_Associated_Molecules_CTLDs_II_Type_2_receptor	CLEC4G
Immunologically_Associated_Molecules_Tetraspanin	TSPAN10
Immunologically_Associated_Molecules_IgSF_CAM	NTM
Immunologically_Associated_Molecules_IgSF_CAM	CADM1
Immunologically_Associated_Molecules_IgSF_CAM	IGSF5
Immunologically_Associated_Molecules_NK_cell_co-inhibitorCTLDs_V_NK_receptor	KLRC4
Immunologically_Associated_Molecules_IgSF_CAM	IZUMO1R
Immunologically_Associated_Molecules_C-C_motif_chemokine_Receptor	CCR3
Immunologically_Associated_Molecules_IgSF_CAM	OPCML
Immunologically_Associated_Molecules_C-C_motif_chemokine_Receptor	CCR4
Immunologically_Associated_Molecules_IgSF_CAM	CNTN2
Immunologically_Associated_Molecules_Cadherin	PCDH9
Immunologically_Associated_Molecules_T_cell_co-stimulatorCTLDs_V_NK_receptor	CLECL1
Immunologically_Associated_Molecules_Other	CSF1
Immunologically_Associated_Molecules_C-C_motif_chemokine_Receptor	CCR10
Immunologically_Associated_Molecules_IgSF_CAM	ROBO2
Immunologically_Associated_Molecules_Immunoglobulin-like_family_of_IL-1_receptors	SIGIRR
Immunologically_Associated_Molecules_IL-3_receptor_family	IL3RA
Immunologically_Associated_Molecules_IL-10_receptor_family	IFNLR1
Immunologically_Associated_Molecules_Mucin	MUC1
Immunologically_Associated_Molecules_IgSF_CAM	LSAMP
Immunologically_Associated_Molecules_T_cell_co-inhibitor	CD300LF
Immunologically_Associated_Molecules_T_cell_co-inhibitor	BTLA
Immunologically_Associated_Molecules_Fc_Receptor	FCAR
Immunologically_Associated_Molecules_T_cell_co-inhibitor	BTN3A2
Immunologically_Associated_Molecules_C-X-C_motif_chemokine_Receptor	CXCR3
Immunologically_Associated_Molecules_T_cell_co-inhibitor	LILRB4
Immunologically_Associated_Molecules_Tumor_necrosis_factor_receptor_superfamilyT_cell_co-stimulator	TNFRSF4
Immunologically_Associated_Molecules_Tumor_necrosis_factor_receptor_superfamilyT_cell_co-stimulator	TNFRSF18
Immunologically_Associated_Molecules_IgSF_CAM	BCAM
Immunologically_Associated_Molecules_Prolactin_receptor_family	EPOR
Immunologically_Associated_Molecules_Cadherin	PCDHB13
Immunologically_Associated_Molecules_Cadherin	CDHR4
Immunologically_Associated_Molecules_Toll_like_receptor	TLR5
Immunologically_Associated_Molecules_CTLDs_II_Type_2_receptor	CLEC17A
Immunologically_Associated_Molecules_NK_cell_co-stimulator	NCR3LG1
Immunologically_Associated_Molecules_T_cell_co-inhibitor	PDCD1
Immunologically_Associated_Molecules_CTLDs_V_NK_receptor	CLEC2A
Immunologically_Associated_Molecules_SelectinCTLDs_IV_Selectin	SELL
Immunologically_Associated_Molecules_CTLDs_V_NK_receptor	KLRG2
Immunologically_Associated_Molecules_NK_cell_co-inhibitor	KIR2DL4
Immunologically_Associated_Molecules_Cadherin	PCDH18
Immunologically_Associated_Molecules_NK_cell_co-stimulator	NCR1
Immunologically_Associated_Molecules_Cadherin	FAT4
Immunologically_Associated_Molecules_IgSF_CAM	CD47
Immunologically_Associated_Molecules_IgSF_CAM	SIGLEC15
Immunologically_Associated_Molecules_Complement_receptor	C5AR1
Immunologically_Associated_Molecules_Cadherin	DCHS2
Immunologically_Associated_Molecules_Cadherin	PCDHB11
Immunologically_Associated_Molecules_T_cell_co-stimulator	DPP4
Immunologically_Associated_Molecules_T_cell_co-inhibitor	PDCD1LG2
Immunologically_Associated_Molecules_CTLDs_V_NK_receptor	CLEC9A
Immunologically_Associated_Molecules_Fc_Receptor	FCGR1B
Immunologically_Associated_Molecules_IgSF_CAM	SIRPA
Immunologically_Associated_Molecules_CTLDs_II_Type_2_receptor	CLEC4C
Immunologically_Associated_Molecules_IL-3_receptor_family	CSF2RA
Immunologically_Associated_Molecules_IgSF_CAM	L1CAM
Immunologically_Associated_Molecules_Complement_receptor	CR1
Immunologically_Associated_Molecules_NK_cell_co-stimulator	RAET1G
Immunologically_Associated_Molecules_Fc_ReceptorNK_cell_co-stimulator	FCGR3A
Immunologically_Associated_Molecules_TGF-beta_receptor_family	BMPR2
Immunologically_Associated_Molecules_T_cell_co-inhibitor	BTNL2
Immunologically_Associated_Molecules_Scavenger_receptor	AGER
Immunologically_Associated_Molecules_T_cell_co-stimulator	CD300LD
Immunologically_Associated_Molecules_CTLDs_VIII_Type_1_receptor	LAYN
Immunologically_Associated_Molecules_NK_cell_co-stimulator/co-inhibitor	NCR3
Immunologically_Associated_Molecules_NK_cell_co-stimulator	MICB
Immunologically_Associated_Molecules_NK_cell_co-stimulator	MICA
Immunologically_Associated_Molecules_Mucin	MUC21
Immunologically_Associated_Molecules_T_cell_co-inhibitor	LILRB3
Immunologically_Associated_Molecules_Cadherin	PCDHGA1
Immunologically_Associated_Molecules_Cadherin	PCDHA9
Immunologically_Associated_Molecules_Cadherin	PCDHA8
Immunologically_Associated_Molecules_Cadherin	PCDHA7
Immunologically_Associated_Molecules_Cadherin	PCDHA5
Immunologically_Associated_Molecules_Cadherin	PCDHA4
Immunologically_Associated_Molecules_Cadherin	PCDHA2
Immunologically_Associated_Molecules_Cadherin	PCDHA1
Immunologically_Associated_Molecules_Mucin	MUC12
Immunologically_Associated_Molecules_IL-2_receptor_familyT_cell_co-stimulator	CRLF2
Immunologically_Associated_Molecules_NK_cell_co-stimulatorCTLDs_V_NK_receptor	KLRC2
Immunologically_Associated_Molecules_NK_cell_co-inhibitorCTLDs_V_NK_receptor	KLRC3
Immunologically_Associated_Molecules_CTLDs_II_Type_2_receptor	CLEC6A
Immunologically_Associated_Molecules_Atypical_chemokine_Receptor	ACKR1
Immunologically_Associated_Molecules_T_cell_co-inhibitor	PVRIG
Immunologically_Associated_Molecules_NK_cell_co-stimulatorCTLDs_V_NK_receptor	KLRK1
Immunologically_Associated_Molecules_Integrin	ITGA1
Immunologically_Associated_Molecules_Tetraspanin	TSPAN4
Immunologically_Associated_Molecules_Tumor_necrosis_factor_receptor_superfamilyT_cell_co-stimulator	TNFRSF25
Immunologically_Associated_Molecules_NK_cell_co-stimulator	KIR2DS4
Immunologically_Associated_Molecules_TNFT_cell_co-stimulator	LTA
Immunologically_Associated_Molecules_TNFT_cell_co-stimulator	LTB
Immunologically_Associated_Molecules_Tetraspanin	TSPAN19
Immunologically_Associated_Molecules_TNF	TNF
Immunologically_Associated_Molecules_CTLDs_V_NK_receptor	CLEC2L
Immunologically_Associated_Molecules_Cadherin	PCDHA13
Immunologically_Associated_Molecules_TNF	TNFSF12
Immunologically_Associated_Molecules_Cadherin	PCDHGC3
Immunologically_Associated_Molecules_NK_cell_co-inhibitor	KIR3DL2
Immunologically_Associated_Molecules_Tumor_necrosis_factor_receptor_superfamily	TNFRSF13B
Immunologically_Associated_Molecules_Cadherin	PCDHGC5
Immunologically_Associated_Molecules_CTLDs_XII_CTLD/acidic_neck	CD302
Immunologically_Associated_Molecules_NK_cell_co-inhibitor	KIR3DL3
Immunologically_Associated_Molecules_Cadherin	PCDHGC4
Immunologically_Associated_Molecules_Cadherin	PCDHAC2
Immunologically_Associated_Molecules_IgSF_CAM	VSIG8
Immunologically_Associated_Molecules_IL-10_receptor_family	IL10RB
Immunologically_Associated_Molecules_NK_cell_co-inhibitor	KIR2DL3
Immunologically_Associated_Molecules_Scavenger_receptor	SCARF2
Immunologically_Associated_Molecules_Fc_Receptor	FCGR2C
Immunologically_Associated_Molecules_Cadherin	PCDHAC1
Immunologically_Associated_Molecules_Cadherin	PCDHA11
Immunologically_Associated_Molecules_Cadherin	PCDHA10
Immunologically_Associated_Molecules_Cadherin	PCDHA12
Immunologically_Associated_Molecules_Cadherin	PCDHGA12
Immunologically_Associated_Molecules_Cadherin	PCDHGB6
Immunologically_Associated_Molecules_Cadherin	PCDHGA5
Immunologically_Associated_Molecules_Cadherin	PCDHGA7
Immunologically_Associated_Molecules_Cadherin	PCDHGA6
Immunologically_Associated_Molecules_Cadherin	PCDHGA8
Immunologically_Associated_Molecules_Cadherin	PCDHGA10
Immunologically_Associated_Molecules_Cadherin	PCDHGA11
Immunologically_Associated_Molecules_Cadherin	PCDHGB2
Immunologically_Associated_Molecules_Cadherin	PCDHGB4
Immunologically_Associated_Molecules_Cadherin	PCDHGB7
Immunologically_Associated_Molecules_Cadherin	PCDHGB1
Immunologically_Associated_Molecules_Cadherin	PCDHGA3
Immunologically_Associated_Molecules_IgSF_CAM	SIGLEC14
Immunologically_Associated_Molecules_IgSF_CAM	SIGLEC12
Immunologically_Associated_Molecules_Cadherin	PCDHA3
Immunologically_Associated_Molecules_CTLDs_V_NK_receptor	CLEC12B
Immunologically_Associated_Molecules_CTLDs_V_NK_receptor	KLRAP1
Immunologically_Associated_Molecules_CTLDs_V_NK_receptor	KLRF2
Immunologically_Associated_Molecules_CTLDs_V_NK_receptor	CLEC5A
Immunologically_Associated_Molecules_Integrin	ITGB3
Immunologically_Associated_Molecules_CTLDs_VI_MMR_family	MRC1
Immunologically_Associated_Molecules_Mucin	MUC22
Immunologically_Associated_Molecules_IgSF_CAM	PECAM1
Immunologically_Associated_Molecules_Cadherin	PCDHGA9
Immunologically_Associated_Molecules_Cadherin	PCDHGB3
Immunologically_Associated_Molecules_Cadherin	PCDHGA4
Immunologically_Associated_Molecules_Cadherin	PCDHB16
Immunologically_Associated_Molecules_Cadherin	PCDHGB5
Immunologically_Associated_Molecules_CTLDs_X_Polycystin_family	PKD1L3
Immunologically_Associated_Molecules_Cadherin	PCDH20
