PMID35121907_TableS2_GESPGenes ,gene
SurfaceomeKinase,EGFR
Surfaceome,CD44
SurfaceomeIntegrinT cell co-stimulator,ITGB1
SurfaceomeIgSF_CAMT cell co-stimulator/co-inhibitor,PVR
SurfaceomeTransporter,SLC39A14
SurfaceomeCadherin,CDH2
SurfaceomeCadherin,DSG2
Surfaceome,AQP1
SurfaceomeIntegrinComplement receptor,ITGB2
SurfaceomeTransporter,SLC9A1
SurfaceomeIonChannel,MCOLN1
SurfaceomeKinase,ERBB2
SurfaceomeIgSF_CAM,L1CAM
SurfaceomeKinaseTGF-beta receptor family,TGFBR2
SurfaceomeEnzyme,ANPEP
Surfaceome,CD4
Surfaceome,SGCE
SurfaceomeKinase,ERBB3
SurfaceomeCadherin,CDH1
SurfaceomeKinaseCadherin,RET
SurfaceomeCadherin,CDH4
SurfaceomeTransporter,SLC6A6
SurfaceomeKinase,TEK
SurfaceomeIntegrin,ITGB4
SurfaceomeKinase,KIT
SurfaceomeKinase,FLT4
Surfaceome,MR1
SurfaceomeIonChannel,CLCA2
SurfaceomeTransporter,SLC3A2
SurfaceomeTransporter,SLC1A5
SurfaceomeTransporter,SLC2A1
SurfaceomeIgSF_CAM,NCAM1
Surfaceome,PODXL
SurfaceomeEnzyme,ADAM10
SurfaceomeIgSF_CAMT cell co-stimulator/co-inhibitor,PVRL2
Surfaceome,EFNB1
SurfaceomeTransporter,ATP1B3
SurfaceomeEnzyme,NT5E
SurfaceomeKinase,MET
SurfaceomeTumor necrosis factor receptor superfamily,FAS
SurfaceomeIntegrin,ITGB5
Surfaceome,MYOF
SurfaceomeIgSF_CAM,NEO1
SurfaceomeIgSF_CAM,CADM1
Surfaceome,EPCAM
SurfaceomeIonChannel,PANX1
SurfaceomeEnzyme,PTPRS
SurfaceomeIonChannel,ANO6
SurfaceomeEnzyme,PTPRK
SurfaceomeIL-6 receptor family,IL6ST
SurfaceomeCadherin,PCDHGC3
SurfaceomeIgSF_CAM,JAM2
SurfaceomeTransporter,SLC46A1
SurfaceomeIL-2 receptor family,IL7R
SurfaceomeScavenger receptor,CD163
SurfaceomeIgSF_CAM,NCAM2
SurfaceomeEnzyme,ADAM22
SurfaceomeCadherin,PCDH1
SurfaceomeCTLDs V NK receptor,OLR1
Surfaceome,SLITRK6
SurfaceomeEnzyme,NLGN1
SurfaceomeGPCR,ADGRG2
SurfaceomeFc Receptor,FCAR
SurfaceomeGPCR,ADGRE5
SurfaceomeIntegrin,ITGB3
SurfaceomeIgSF_CAM,MCAM
SurfaceomeIgSF_CAM,ICAM1
Surfaceome,BSG
SurfaceomeIgSF_CAM,F11R
SurfaceomeGPCR,ADGRL2
SurfaceomeKinase,IGF1R
SurfaceomeKinase,EPHA2
SurfaceomeKinase,INSR
Surfaceome,SEMA4D
Surfaceome,BST2
SurfaceomeIonChannel,TTYH3
SurfaceomeIgSF_CAM,CD47
Surfaceome,SORT1
SurfaceomeTransporter,ABCC1
SurfaceomeTransporter,SLC39A6
SurfaceomeIgSF_CAM,THY1
SurfaceomeEnzyme,ENPP1
Surfaceome,EFNB2
SurfaceomeIonChannel,SLC26A6
Surfaceome,BTN2A1
SurfaceomeKinase,FGFR1
SurfaceomeGPCRCadherin,CELSR1
SurfaceomeIgSF_CAM,ROBO1
SurfaceomeKinase,PDGFRB
SurfaceomeEnzyme,CD38
SurfaceomeCadherin,CDH6
SurfaceomeIntegrinT cell co-stimulator,ITGA4
SurfaceomeIL-3 receptor family,CSF2RA
Surfaceome,CSPG4
SurfaceomeEnzyme,ATP6V0A2
Surfaceome,STIM1
SurfaceomeT cell co-inhibitor,LAIR1
SurfaceomeIonChannel,TRPV2
Surfaceome,DCBLD2
Surfaceome,SUSD2
SurfaceomeEnzymeIgSF_CAM,PTPRM
SurfaceomeT cell co-stimulator,ICOSLG
SurfaceomeGPCR,ADRB2
Surfaceome,PLXNB1
SurfaceomeGPCR,GPRC5A
SurfaceomeCadherin,PCDH7
SurfaceomeEnzyme,PPAP2A
SurfaceomeT cell co-inhibitor,CD274
SurfaceomeTransporter,SLC19A1
SurfaceomeIgSF_CAM,VCAM1
SurfaceomeCadherin,CDH13
SurfaceomeIonChannel,P2RX7
SurfaceomeT cell co-stimulator/co-inhibitor,CD48
SurfaceomeKinaseTGF-beta receptor family,BMPR2
SurfaceomeIgSF_CAM,PVRL1
SurfaceomeEnzyme,NLGN4X
SurfaceomeGPCR,AGTR1
SurfaceomeGPCR,ADORA1
SurfaceomeGPCRAtypical chemokine Receptor,ACKR3
SurfaceomeGPCR,CALCRL
Surfaceome,CD79B
SurfaceomeToll like receptor,TLR4
SurfaceomeKinase,NTRK2
SurfaceomeCadherin,CDH3
SurfaceomeKinase,NTRK1
Surfaceome,FOLR1
SurfaceomeKinase,MERTK
SurfaceomeTumor necrosis factor receptor superfamily,TNFRSF21
SurfaceomeKinase,EPHB1
Surfaceome,ITM2B
SurfaceomeInterferon receptor family,IFNAR2
SurfaceomeT cell co-inhibitor,BTN3A3
SurfaceomeKinase,PDGFRA
SurfaceomeIL-6 receptor family,LIFR
SurfaceomeNK cell co-stimulator,ULBP2
SurfaceomeToll like receptor,TLR1
SurfaceomeCadherin,CDH17
SurfaceomeIntegrin,ITGB8
SurfaceomeGPCR,ADGRG6
Surfaceome,ANTXR1
Surfaceome,SGCB
SurfaceomeScavenger receptor,STAB1
SurfaceomeKinase,FLT1
SurfaceomeGPCR,TSHR
SurfaceomeEnzyme,AOC3
Surfaceome,CD1D
SurfaceomeEnzyme,DPEP1
SurfaceomeTransporter,ATP1B2
Surfaceome,BVES
Surfaceome,NCSTN
SurfaceomeIgSF_CAM,ALCAM
SurfaceomeEnzyme,ECE1
Surfaceome,MPZL1
SurfaceomeTransporter,SLC4A7
SurfaceomeEnzyme,DAG1
Surfaceome,IL1RAP
Surfaceome,PLXNB2
SurfaceomeTransporter,SLC7A5
SurfaceomeIntegrin,ITGA3
Surfaceome,LRP1
SurfaceomeTransporter,ATP1B1
SurfaceomeTransporter,SLC39A10
SurfaceomeEnzyme,PTPRJ
Surfaceome,NPTN
Surfaceome,SEMA7A
SurfaceomeKinase,EPHB2
Surfaceome,NOTCH2
Surfaceome,NRP1
SurfaceomeEnzymeT cell co-stimulator,DPP4
SurfaceomeIonChannel,PKD2
Surfaceome,NRP2
SurfaceomeIgSF_CAM,JAM3
SurfaceomeIgSF_CAM,PECAM1
Surfaceome,PLXNA1
Surfaceome,SIRPB1
SurfaceomeTransporter,SLC44A2
SurfaceomeEnzyme,PTPRC
SurfaceomeGPCR,S1PR1
SurfaceomeGPCR,TBXA2R
SurfaceomeGPCR,ADGRG1
SurfaceomeEnzyme,MME
SurfaceomeToll like receptor,TLR2
SurfaceomeKinase,DDR2
Surfaceome,SORL1
SurfaceomeIgSF_CAM,CXADR
SurfaceomeIntegrin,ITGAL
SurfaceomeIonChannelT cell co-inhibitor,CYBB
Surfaceome,KIRREL
SurfaceomeTransporter,SLC29A1
SurfaceomeIntegrin,ITGA7
SurfaceomeIL-17 receptor family,IL17RA
Surfaceome,PLXND1
SurfaceomeGPCR,FZD4
SurfaceomeEnzyme,GGT5
SurfaceomeCadherin,FAT1
SurfaceomeScavenger receptor,CD36
SurfaceomeSelectinCTLDs IV Selectin,SELL
SurfaceomeEnzyme,ACE
SurfaceomeIonChannel,KCNH2
SurfaceomeIntegrinComplement receptor,ITGAM
SurfaceomeTumor necrosis factor receptor superfamilyT cell co-stimulator,TNFRSF8
SurfaceomeIonChannel,TRPC6
SurfaceomeCTLDs VI MMR family,MRC1
SurfaceomeEnzyme,STEAP4
SurfaceomeIgSF_CAM,NRCAM
SurfaceomeGPCR,P2RY8
SurfaceomeIgSF_CAM,LSAMP
SurfaceomeIgSF_CAM,NFASC
SurfaceomeInterferon receptor family,IFNAR1
SurfaceomeTransporter,SLC29A2
SurfaceomeTetraspanin,TSPAN4
Surfaceome,CD180
SurfaceomeIonChannel,P2RX4
SurfaceomeIgSF_CAMT cell co-inhibitor,PVRL3
SurfaceomeGPCR,F2RL1
SurfaceomeIL-2 receptor family,IL2RG
SurfaceomeIgSF_CAM,CD33
SurfaceomeIgSF_CAMT cell co-inhibitor,CD244
SurfaceomeTumor necrosis factor receptor superfamilyT cell co-stimulator,CD27
SurfaceomeCadherin,DSC2
Surfaceome,TACSTD2
Surfaceome,CEACAM1
SurfaceomeTumor necrosis factor receptor superfamilyT cell co-stimulator/co-inhibitor,TNFRSF14
SurfaceomeKinase,ROR2
Surfaceome,MS4A1
SurfaceomeIntegrin,ITGB6
SurfaceomeIgSF_CAMT cell co-stimulator,SLAMF6
SurfaceomeT cell co-stimulator,LY9
SurfaceomeT cell co-inhibitor,CD200R1
SurfaceomeTransporter,SLCO4A1
SurfaceomeIntegrinT cell co-stimulator,ITGB7
Surfaceome,PLXNA4
SurfaceomeIgSF_CAMB cell co-inhibitor,SIGLEC10
SurfaceomeEnzyme,ZDHHC5
SurfaceomeEnzyme,SPPL2B
SurfaceomeEnzyme,FAP
SurfaceomeGPCR,MRGPRF
SurfaceomeIonChannel,GRIA2
Surfaceome,PLXNA3
Surfaceome,SEMA6D
Surfaceome,GFRA3
SurfaceomeKinase,KDR
Surfaceome,CD1C
SurfaceomeEnzyme,ADAM12
SurfaceomeScavenger receptor,CD68
SurfaceomeSelectinCTLDs IV Selectin,SELP
SurfaceomeIL-6 receptor family,LEPR
Surfaceome,DNER
SurfaceomeImmunoglobulin-like family of IL-1 receptors,IL1R2
SurfaceomeIL-2 receptor familyT cell co-stimulator,IL2RB
Surfaceome,APLP1
SurfaceomeCadherin,CDH5
SurfaceomeOther,KITLG
SurfaceomeKinase,CSF1R
SurfaceomeIntegrin,ITGA9
SurfaceomeCadherin,PCDH17
SurfaceomeCadherin,PCDHGB4
SurfaceomeGPCR,LPAR4
SurfaceomeEnzyme,ALPP
SurfaceomeTransporter,SLC2A4
SurfaceomeFc ReceptorNK cell co-stimulator,FCGR3A
SurfaceomeMucin,MUC4
Surfaceome,CD1B
SurfaceomeKinaseTGF-beta receptor family,ACVR2B
SurfaceomeEnzyme,ENPEP
Surfaceome,LRP2
SurfaceomeCTLDs V NK receptor,CLEC5A
SurfaceomeTransporter,SLCO4C1
Surfaceome,PARM1
Surfaceome,SORCS1
SurfaceomeIonChannel,LRRC26
Surfaceome,PROM2
SurfaceomeCadherin,PCDHGC5
SurfaceomeCadherin,PCDHGA12
SurfaceomeCadherin,PCDHGB7
SurfaceomeCadherin,PCDHGB5
SurfaceomeNK cell co-inhibitor,KIR3DL1
SurfaceomeCadherin,PCDHGB1
SurfaceomeCadherin,PCDHGA9
SurfaceomeCadherin,PCDHGA8
Surfaceome,PRNP
SurfaceomeIntegrin,ITGAV
SurfaceomeEnzyme,LNPEP
Surfaceome,SYPL1
Surfaceome,LDLR
Surfaceome,NOTCH1
Surfaceome,HLA-A
SurfaceomeTransporter,SLC7A1
SurfaceomeScavenger receptor,SCARB1
Surfaceome,ENG
Surfaceome,CD59
SurfaceomeIntegrin,ITGA2
SurfaceomeIntegrin,ITGA6
SurfaceomeIntegrin,ITGA1
Surfaceome,TPBG
Surfaceome,CNNM4
Surfaceome,TMEM30A
SurfaceomeTNFT cell co-stimulator,CD70
SurfaceomeEnzyme,PLAUR
Surfaceome,HLA-C
SurfaceomeT cell co-stimulator/co-inhibitor,CD276
Surfaceome,APLP2
SurfaceomeTransporter,SLC12A2
SurfaceomeKinase,EPHB3
SurfaceomeEnzyme,RHBDF2
SurfaceomeEnzymeIgSF_CAM,SIRPA
Surfaceome,FAM171A1
Surfaceome,HEG1
SurfaceomeCTLDs XI Attractin family,ATRN
SurfaceomeGPCR,F2R
SurfaceomeGPCR,ADGRE2
Surfaceome,JAG1
SurfaceomeIgSF_CAM,ICAM2
SurfaceomeEnzyme,GGT1
SurfaceomeKinase,EPHB4
Surfaceome,EMB
Surfaceome,AGRN
SurfaceomeEnzyme,ADCY3
SurfaceomeEnzyme,ADCY9
Surfaceome,PLXNC1
SurfaceomeTetraspanin,TSPAN15
Surfaceome,RELL1
Surfaceome,CD74
SurfaceomeGPCR,FZD2
SurfaceomeGPCR,OPRK1
SurfaceomeGPCRC-X-C motif chemokine Receptor,CXCR1
SurfaceomeGPCR,APLNR
SurfaceomeTransporter,ABCB1
SurfaceomeIL-3 receptor family,CSF2RB
Surfaceome,RECK
SurfaceomeT cell co-stimulator/co-inhibitor,CD86
SurfaceomeTetraspanin,CD63
SurfaceomeOther,CSF1
Surfaceome,FLRT3
SurfaceomeTetraspanin,CD82
SurfaceomeTransporter,ABCA7
SurfaceomeIntegrin,ITGA11
SurfaceomeCTLDs V NK receptor,CLEC12A
SurfaceomeEnzyme,QSOX2
SurfaceomeKinase,EPHA5
SurfaceomeEnzyme,PPAP2B
Surfaceome,TENM2
Surfaceome,CRIM1
SurfaceomeTransporter,SLC11A2
SurfaceomeB cell co-stimulator,CD19
SurfaceomeGPCR,HTR2B
SurfaceomeGPCR,AGTR2
SurfaceomeKinase,FLT3
Surfaceome,CD79A
SurfaceomeCadherin,CDH11
Surfaceome,CD34
SurfaceomeKinase,MST1R
SurfaceomeScavenger receptor,MSR1
Surfaceome,PROM1
SurfaceomeB cell co-stimulatorComplement receptor,CR2
SurfaceomeTumor necrosis factor receptor superfamilyT cell co-stimulator,TNFRSF25
SurfaceomeFc Receptor,FCGR2A
Surfaceome,CD6
SurfaceomeTransporter,SLC5A3
Surfaceome,PEAR1
SurfaceomeEnzyme,NLGN2
Surfaceome,TMEM245
SurfaceomeTetraspanin,CD53
Surfaceome,TMEM8A
SurfaceomeIgSF_CAM,ESAM
SurfaceomeTransporter,SLCO3A1
Surfaceome,KIAA0319L
SurfaceomeKinase,FGFR2
SurfaceomeGPCRC-C motif chemokine Receptor,CCR7
SurfaceomeGPCRC-X-C motif chemokine Receptor,CXCR3
SurfaceomeGPCRC-C motif chemokine Receptor,CCR4
SurfaceomeScavenger receptor,CD14
SurfaceomeGPCR,LTB4R
SurfaceomeGPCRC-X-C motif chemokine Receptor,CXCR5
Surfaceome,CDON
SurfaceomeGPCR,ADGRL4
SurfaceomeGPCR,F2RL3
Surfaceome,FLRT2
SurfaceomeKinase,FGFR3
Surfaceome,CD3D
SurfaceomeT cell co-stimulator/co-inhibitor,CD80
SurfaceomeIL-2 receptor family,IL2RA
SurfaceomeTumor necrosis factor receptor superfamily,TNFRSF11A
SurfaceomeEnzyme,PTPRZ1
SurfaceomeTumor necrosis factor receptor superfamily,TNFRSF17
SurfaceomeTGF-beta receptor family,TGFBR3
SurfaceomeKinase,EPHA3
Surfaceome,LRP12
SurfaceomeIgSF_CAM,CHL1
SurfaceomeKinase,EPHA1
SurfaceomeTransporter,SLC7A2
SurfaceomeIL-2 receptor family,IL13RA2
SurfaceomeIL-10 receptor family,IL10RA
Surfaceome,SEMA4F
Surfaceome,THSD7A
SurfaceomeCadherin,CDH19
Surfaceome,AMIGO2
SurfaceomeCadherin,DCHS1
Surfaceome,SGCD
Surfaceome,SELPLG
Surfaceome,PILRA
Surfaceome,SLITRK4
Surfaceome,CEACAM6
Surfaceome,CEACAM5
Surfaceome,GFRA1
SurfaceomeGPCR,ADGRF5
SurfaceomeGPCR,HTR7
Surfaceome,FRAS1
Surfaceome,SEMA4G
SurfaceomeKinase,FGFR4
SurfaceomeIonChannel,CHRNA3
Surfaceome,CD5
Surfaceome,CRB3
SurfaceomeIgSF_CAMT cell co-stimulator,CD28
SurfaceomeKinase,TYRO3
Surfaceome,CD3G
SurfaceomeTransporter,SLC5A1
SurfaceomeTransporter,SLC29A4
SurfaceomeIgSF_CAM,UNC5A
SurfaceomeIgSF_CAM,CADM3
Surfaceome,RTN4R
Surfaceome,FREM2
Surfaceome,RAMP3
SurfaceomeTransporter,SLC23A2
Surfaceome,SEMA6B
SurfaceomeCadherin,CDH15
SurfaceomeIonChannel,GRIK3
SurfaceomeTransporter,SLC9A4
Surfaceome,C6orf25
SurfaceomeTransporter,SLC5A7
SurfaceomeCadherin,PCDHA11
SurfaceomeIonChannel,ASIC1
SurfaceomeTetraspaninB cell co-stimulator,CD81
SurfaceomeTransporter,ATP2B1
SurfaceomeTransporter,ATP1A1
SurfaceomeTransporter,SLC16A1
Surfaceome,PROCR
Surfaceome,RTN4
SurfaceomeIntegrin,ITGA5
Surfaceome,LAMP1
Surfaceome,CD46
Surfaceome,HLA-B
SurfaceomeGPCRC-X-C motif chemokine Receptor,CXCR4
SurfaceomeKinase,PTK7
SurfaceomeTransporter,SLC31A1
SurfaceomeEnzyme,PTPRG
SurfaceomeEnzyme,PSEN1
SurfaceomeEnzyme,PTPRF
Surfaceome,PTGFRN
SurfaceomeTransporter,SLC1A4
Surfaceome,IGSF8
SurfaceomeKinase,AXL
SurfaceomeIgSF_CAMT cell co-stimulator,CD58
SurfaceomeIgSF_CAM,BCAM
Surfaceome,SEMA4C
SurfaceomeTetraspanin,TSPAN14
Surfaceome,THBS1
SurfaceomeGPCRC-C motif chemokine Receptor,CCR5
Surfaceome,HLA-DRB1
SurfaceomeGPCR,SMO
Surfaceome,MFI2
SurfaceomeGPCR,PTAFR
SurfaceomeEnzyme,ENTPD1
SurfaceomeTransporter,ABCG2
Surfaceome,ST14
SurfaceomeTumor necrosis factor receptor superfamilyT cell co-stimulator,CD40
Surfaceome,HFE
SurfaceomeT cell co-inhibitor,CD200
SurfaceomeIgSF_CAM,ICAM5
Surfaceome,SDC4
SurfaceomeT cell co-inhibitor,BTN3A1
SurfaceomeIonChannel,PIEZO1
SurfaceomeTransporter,SLC2A5
Surfaceome,HLA-F
SurfaceomeEnzyme,ATP6V0A1
Surfaceome,HLA-DQA1
SurfaceomeGPCR,FZD6
SurfaceomeEnzyme,CPD
SurfaceomeGPCR,FZD7
SurfaceomeGPCR,NPY1R
SurfaceomeTransporter,SLC38A1
SurfaceomeEnzyme,BST1
SurfaceomeT cell co-inhibitor,PDCD1LG2
Surfaceome,GJA1
SurfaceomeIL-2 receptor family,IL4R
Surfaceome,PTCH1
SurfaceomeKinase,ROR1
Surfaceome,GYPC
Surfaceome,AQP5
SurfaceomeTetraspanin,TSPAN8
SurfaceomeFc ReceptorB cell co-inhibitor,FCGR2B
SurfaceomeT cell co-inhibitor,LILRB1
Surfaceome,PLXNA2
SurfaceomeIgSF_CAM,ICAM3
SurfaceomeTransporter,SLC26A2
SurfaceomeFc Receptor,FCGRT
SurfaceomeInterferon receptor family,IFNGR1
SurfaceomeTetraspanin,CD37
SurfaceomeIgSF_CAMT cell co-inhibitor,SIGLEC7
Surfaceome,PODXL2
SurfaceomeIL-10 receptor family,IL10RB
Surfaceome,MILR1
SurfaceomeIgSF_CAM,NTM
SurfaceomeGPCR,CYSLTR1
SurfaceomeGPCR,PTGDR2
SurfaceomeGPCR,GRM1
SurfaceomeGPCR,P2RY10
SurfaceomeGPCR,P2RY11
SurfaceomeIonChannel,TMEM63B
SurfaceomeIonChannel,CFTR
SurfaceomeIgSF_CAMT cell co-stimulator,CD2
SurfaceomeMucin,MUC16
SurfaceomeKinaseTGF-beta receptor family,TGFBR1
SurfaceomeEnzyme,ENPP3
SurfaceomeLigand_CX3C,CX3CL1
SurfaceomeIgSF_CAMB cell co-inhibitor,CD22
Surfaceome,NPR3
SurfaceomeCTLDs XIV Endosialin family,THBD
Surfaceome,FLVCR1
SurfaceomeCadherin,DSC3
SurfaceomeIntegrinComplement receptor,ITGAX
SurfaceomeTransporter,SLC22A5
SurfaceomeKinaseTGF-beta receptor family,ACVR1
Surfaceome,GPNMB
SurfaceomeKinase,EPHA4
SurfaceomeTransporter,SLC8A1
Surfaceome,CRB2
SurfaceomeIntegrin,ITGA8
SurfaceomeTransporter,SLC19A2
Surfaceome,SIT1
SurfaceomeCadherin,PCDH9
SurfaceomeTetraspanin,TSPAN33
SurfaceomeIgSF_CAMNK cell co-inhibitor,CD96
Surfaceome,EFNA4
SurfaceomeT cell co-stimulator,CD226
SurfaceomeIgSF_CAM,SIGLEC1
SurfaceomeIonChannel,GABRB3
Surfaceome,TENM4
Surfaceome,GP5
SurfaceomeEnzyme,ENPP4
SurfaceomeIonChannel,GABRA5
SurfaceomeTetraspanin,TSPAN9
Surfaceome,VNN2
SurfaceomeEnzyme,GGT7
SurfaceomeGPCR,LGR5
Surfaceome,MSLN
SurfaceomeKinase,NPR1
SurfaceomeGPCR,VIPR1
SurfaceomeNK cell co-stimulator,MICB
SurfaceomeGPCR,GABBR2
SurfaceomeGPCR,LPAR5
SurfaceomeEnzyme,PTPRB
Surfaceome,FOLR2
Surfaceome,CTNS
SurfaceomeGPCR,GPR65
SurfaceomeCadherin,PCDH15
SurfaceomeGPCR,LPAR6
SurfaceomeGPCR,GPR50
SurfaceomeProlactin receptor family,GHR
SurfaceomeIL-6 receptor family,IL6R
SurfaceomeTumor necrosis factor receptor superfamilyT cell co-stimulator,TNFRSF9
Surfaceome,CD83
SurfaceomeEnzyme,ACE2
SurfaceomeFc ReceptorCTLDs II Type 2 receptor,FCER2
SurfaceomeKinase,TIE1
SurfaceomeIL-17 receptor family,IL17RB
Surfaceome,GPM6B
SurfaceomeIonChannel,CACNA2D2
Surfaceome,C11orf24
SurfaceomeNK cell co-stimulatorCTLDs V NK receptor,KLRK1
SurfaceomeIgSF_CAM,MPZL2
Surfaceome,LRP4
SurfaceomeIonChannel,GRID1
Surfaceome,PLVAP
SurfaceomeTransporter,SLC43A1
SurfaceomeNK cell co-stimulator,NCR3LG1
SurfaceomeIgSF_CAM,AMICA1
Surfaceome,MFAP3L
Surfaceome,TMEM231
SurfaceomeNK cell co-inhibitor,KIR2DL3
SurfaceomeIL-2 receptor familyT cell co-stimulator,CRLF2
SurfaceomeGPCR,FSHR
Surfaceome,MFAP3
Surfaceome,TMEFF1
SurfaceomeCadherin,CDH8
SurfaceomeGPCR,SSTR5
SurfaceomeGPCR,EDNRA
SurfaceomeGPCR,S1PR3
SurfaceomeGPCR,LTB4R2
Surfaceome,PLXNB3
SurfaceomeKinase,NPR2
SurfaceomeGPCR,HTR1D
SurfaceomeGPCR,TACR2
SurfaceomeGPCR,NTSR1
SurfaceomeGPCR,GABBR1
SurfaceomeGPCR,ADRA1B
SurfaceomeGPCR,NMUR1
SurfaceomeGPCR,CMKLR1
SurfaceomeGPCR,ADRA2C
SurfaceomeGPCR,NMBR
SurfaceomeGPCR,GPR174
SurfaceomeGPCR,NPFFR2
SurfaceomeGPCR,HTR1A
SurfaceomeGPCR,GPR156
Surfaceome,CD1A
SurfaceomeIonChannel,CHRNA5
SurfaceomeTransporter,ABCC6
SurfaceomeTransporter,ABCC2
SurfaceomeT cell co-stimulator,CD7
SurfaceomeT cell co-inhibitor,VTCN1
Surfaceome,GJB3
SurfaceomeIgSF_CAM,MPZ
Surfaceome,GJB6
Surfaceome,EFNA5
SurfaceomeIntegrin,ITGA2B
Surfaceome,PRIMA1
SurfaceomeEnzymeCTLDs VI MMR family,PLA2R1
SurfaceomeTransporter,SLCO2A1
SurfaceomeCadherin,CDH10
Surfaceome,GJB1
SurfaceomeIonChannel,CHRNA1
Surfaceome,FNDC5
SurfaceomeTransporter,SLC9A3
SurfaceomeTransporter,ATP2B3
Surfaceome,LINGO1
SurfaceomeIonChannel,SCN2A
SurfaceomeIonChannel,GRIA3
SurfaceomeTransporter,SLCO1A2
SurfaceomeCadherin,PCDH18
Surfaceome,MFSD2A
SurfaceomeTransporter,SLC15A2
SurfaceomeIonChannel,TTYH2
SurfaceomeCadherin,PCDH19
SurfaceomeEnzyme,HYAL2
SurfaceomeIgSF_CAM,SIGLEC6
SurfaceomeEnzyme,TMPRSS5
SurfaceomeIonChannel,SCN4B
SurfaceomeIonChannel,SCNN1D
SurfaceomeIonChannel,GRIK5
SurfaceomeEnzyme,VNN1
SurfaceomeCadherin,CDHR5
SurfaceomeFc Receptor,FCRL6
SurfaceomeNK cell co-inhibitorCTLDs V NK receptor,KLRC1
SurfaceomeCadherin,CDH26
Surfaceome,CD164
Surfaceome,CLDN12
SurfaceomeIonChannel,GABRA2
SurfaceomeIonChannel,TRPV5
SurfaceomeIonChannel,CACNG6
SurfaceomeIonChannel,CHRND
SurfaceomeTransporter,SLC34A1
Surfaceome,SGCZ
SurfaceomeIonChannel,CALHM1
SurfaceomeCadherin,PCDH20
SurfaceomeTransporter,SLC26A5
SurfaceomeCTLDs V NK receptor,CLEC2A
SurfaceomeCadherin,CDH9
SurfaceomeIonChannel,KCNK18
SurfaceomeKinase,ALK
Surfaceome,LY6K
SurfaceomeIL-6 receptor family,CNTFR
SurfaceomeTransporter,ABCA1
SurfaceomeCTLDs VI MMR family,MRC2
SurfaceomeTransporter,SLC1A3
Surfaceome,IGF2R
Surfaceome,TM9SF3
SurfaceomeTransporter,SLC44A1
SurfaceomeTransporter,SLC16A3
SurfaceomeTetraspanin,CD151
Surfaceome,CD109
Surfaceome,FLNA
SurfaceomeTransporter,SLC16A7
SurfaceomeTetraspanin,CD9
SurfaceomeEnzyme,ADAM9
Surfaceome,LAMP2
Surfaceome,CLPTM1
Surfaceome,LRRC8C
SurfaceomeEnzyme,CPM
SurfaceomeIgSF_CAM,NEGR1
Surfaceome,F3
SurfaceomeTransporter,ABCC4
SurfaceomeEnzyme,DAGLB
Surfaceome,VASN
Surfaceome,CLDND1
Surfaceome,CNNM3
SurfaceomeGPCR,LPAR1
SurfaceomeCadherin,DSG1
SurfaceomeGPCR,GLP1R
SurfaceomeGPCRCadherin,CELSR2
Surfaceome,CD55
Surfaceome,CDCP1
Surfaceome,LRP6
Surfaceome,HLA-DRB5
SurfaceomeIgSF_CAMT cell co-stimulator,CD84
SurfaceomeTransporter,SLC4A1
Surfaceome,SEMA4B
Surfaceome,TENM3
SurfaceomeTransporter,SLC12A7
SurfaceomeEnzyme,TRHDE
SurfaceomeTransporter,SLC30A1
SurfaceomeTransporter,SLC12A9
SurfaceomeIonChannel,CLCN1
SurfaceomeGPCR,EDNRB
SurfaceomeGPCR,PTGER3
Surfaceome,HLA-DRA
SurfaceomeGPCR,S1PR2
SurfaceomeGPCR,HTR1B
SurfaceomeEnzyme,CA12
Surfaceome,SDC2
SurfaceomeTransporter,SLC2A9
Surfaceome,HLA-DPB1
Surfaceome,SEZ6L2
SurfaceomeTransporter,ATP1A3
SurfaceomeIonChannel,TRPM4
SurfaceomeIL-2 receptor family,IL13RA1
SurfaceomeTransporter,SLC6A9
Surfaceome,MCEMP1
SurfaceomeIgSF_CAM,SDK1
SurfaceomeTransporter,SLC12A6
Surfaceome,SEMA4A
SurfaceomeT cell co-inhibitor,C10orf54
SurfaceomeTransporter,SLC20A2
SurfaceomeTransporter,SLC2A13
SurfaceomeEnzyme,RNF149
SurfaceomeEnzyme,SPPL2A
SurfaceomeMucin,MUC1
SurfaceomeGPCR,ADRA2A
SurfaceomeGPCR,S1PR4
SurfaceomeTumor necrosis factor receptor superfamily,TNFRSF1B
Surfaceome,ELFN1
Surfaceome,AQP4
SurfaceomeEnzyme,ACHE
SurfaceomeIgSF_CAMT cell co-stimulator,SLAMF1
Surfaceome,SPN
SurfaceomeT cell co-inhibitor,PDCD1
SurfaceomeIgSF_CAM,CLMP
Surfaceome,CLDN4
SurfaceomeTransporter,SLC14A1
SurfaceomeTransporter,ABCC5
Surfaceome,OCLN
SurfaceomeIL-3 receptor family,IL3RA
SurfaceomeFc Receptor,FCGR1A
SurfaceomeTumor necrosis factor receptor superfamily,TNFRSF1A
SurfaceomeEnzyme,ADAM19
Surfaceome,CSPG5
Surfaceome,FAM171A2
SurfaceomeEnzyme,ADAM28
Surfaceome,SORCS2
Surfaceome,EMP3
Surfaceome,KIAA0922
SurfaceomeNK cell co-inhibitorCTLDs V NK receptor,CLEC2D
SurfaceomeIgSF_CAMT cell co-inhibitor,SIGLEC9
Surfaceome,HLA-DPA1
Surfaceome,LMBRD2
SurfaceomeIgSF_CAM,FGFRL1
SurfaceomeIonChannel,TRPC3
SurfaceomeCadherin,CLSTN3
SurfaceomeEnzyme,ADCY6
Surfaceome,SUSD1
Surfaceome,ITFG1
Surfaceome,MEGF8
SurfaceomeComplement receptor,CR1
SurfaceomeGPCR,PTGER2
SurfaceomeGPCRCadherin,CELSR3
SurfaceomeGPCR,FZD1
SurfaceomeGPCR,S1PR5
SurfaceomeGPCR,GIPR
Surfaceome,SDK2
SurfaceomeGPCR,GPR132
Surfaceome,HLA-E
SurfaceomeGPCR,ADGRF1
SurfaceomeGPCR,ADGRE3
SurfaceomeImmunoglobulin-like family of IL-1 receptors,IL1R1
SurfaceomeKinase,ERBB4
Surfaceome,EMP1
SurfaceomeEnzyme,TFR2
SurfaceomeTransporter,SLC6A2
Surfaceome,CLDN3
SurfaceomeIL-6 receptor family,OSMR
Surfaceome,CLDN7
SurfaceomeIgSF_CAM,PVRL4
SurfaceomeTumor necrosis factor receptor superfamily,NGFR
SurfaceomeFc Receptor,FCRL3
Surfaceome,ZP3
SurfaceomeTetraspanin,TSPAN1
SurfaceomeTransporter,SLCO1B1
Surfaceome,LRP5
SurfaceomeIonChannel,KCNA3
SurfaceomeFc Receptor,FCRL5
SurfaceomeIonChannel,P2RX1
SurfaceomeLigand_CXCScavenger receptor,CXCL16
SurfaceomeFc Receptor,FCGR3B
Surfaceome,LYPD3
SurfaceomeKinaseTGF-beta receptor family,ACVR2A
SurfaceomeT cell co-inhibitor,BTLA
Surfaceome,FLRT1
SurfaceomeEnzyme,HPN
Surfaceome,ANO9
SurfaceomeIL-6 receptor family,IL27RA
Surfaceome,LRRN1
SurfaceomeFc Receptor,FCRL2
SurfaceomeTransporter,SLC22A11
Surfaceome,IGDCC4
Surfaceome,KIAA1919
SurfaceomeEnzyme,KIAA1161
SurfaceomeIL-10 receptor family,IFNLR1
SurfaceomeTransporter,SLC6A8
SurfaceomeTransporter,SLC22A16
SurfaceomeIL-12 receptor family,IL23R
SurfaceomeKinase,RYK
SurfaceomeCTLDs XIV Endosialin family,CLEC14A
Surfaceome,TXNDC15
Surfaceome,ATRAID
SurfaceomeCadherin,PCDHGB6
SurfaceomeScavenger receptor,STAB2
SurfaceomeIL-3 receptor family,IL5RA
SurfaceomeGPCR,KISS1R
Surfaceome,CD8B
SurfaceomeProlactin receptor family,CSF3R
SurfaceomeGPCR,LGR4
SurfaceomeGPCR,GRPR
SurfaceomeScavenger receptor,MARCO
SurfaceomeTransporter,SLCO1B3
SurfaceomeGPCR,ADGRL3
SurfaceomeIgSF_CAM,OPCML
SurfaceomeGPCR,CHRM3
SurfaceomeGPCR,GPR39
SurfaceomeGPCR,PTGIR
SurfaceomeIgSF_CAM,CNTN1
SurfaceomeIgSF_CAM,CADM2
SurfaceomeGPCR,HCAR2
SurfaceomeGPCR,GPR1
SurfaceomeGPCR,OXGR1
SurfaceomeGPCR,GPR37L1
SurfaceomeGPCR,GPR173
SurfaceomeNK cell co-stimulator,RAET1G
SurfaceomeGPCR,ADGRB3
SurfaceomeGPCR,SUCNR1
SurfaceomeGPCR,DRD5
SurfaceomeGPCR,TRHR
SurfaceomeGPCR,GLP2R
SurfaceomeGPCR,GPR63
SurfaceomeGPCR,MAS1L
SurfaceomeGPCR,GPR142
SurfaceomeGPCR,OR2C3
SurfaceomeEnzyme,GGT3P
SurfaceomeEnzyme,TMPRSS2
SurfaceomeTNFT cell co-stimulator,CD40LG
Surfaceome,AREG
Surfaceome,TFPI
Surfaceome,PIGR
SurfaceomeKinaseTGF-beta receptor family,BMPR1B
SurfaceomeKinase,NTRK3
SurfaceomeImmunoglobulin-like family of IL-1 receptors,IL1RL1
Surfaceome,AQP3
SurfaceomeTransporter,ABCB4
SurfaceomeEnzyme,BACE1
SurfaceomeIgSF_CAM,MAG
SurfaceomeTransporter,SLC26A3
Surfaceome,TENM1
Surfaceome,HHIP
Surfaceome,HBEGF
SurfaceomeFc Receptor,FCER1A
SurfaceomeEnzyme,PTPRR
Surfaceome,CLDN2
SurfaceomeIonChannel,PANX2
SurfaceomeCTLDs V NK receptor,KLRG1
Surfaceome,GP1BA
SurfaceomeScavenger receptor,AGER
SurfaceomeIonChannel,SCNN1G
SurfaceomeTransporter,SLC22A6
SurfaceomeTransporter,ABCB11
SurfaceomeIntegrin,ITGA10
SurfaceomeT cell co-inhibitor,TIGIT
SurfaceomeCTLDs II Type 2 receptor,ASGR1
Surfaceome,NPC1L1
Surfaceome,ANO7
SurfaceomeTransporter,SLC40A1
Surfaceome,VSTM4
Surfaceome,GJB4
Surfaceome,ANO5
Surfaceome,CLDN9
Surfaceome,AMIGO1
SurfaceomeEnzyme,NLGN3
SurfaceomeMucin,MUC17
SurfaceomeScavenger receptor,SCARA5
SurfaceomeTransporter,SLC23A1
SurfaceomeCadherin,PCDHB6
SurfaceomeEnzyme,SI
SurfaceomeCadherin,PCDHGC4
SurfaceomeIonChannel,KCNB2
Surfaceome,CORIN
SurfaceomeTransporter,SLC6A14
Surfaceome,ILDR1
SurfaceomeCadherin,PCDHB11
SurfaceomeIonChannel,SCN7A
Surfaceome,SLITRK2
SurfaceomeTransporter,SLC6A11
SurfaceomeIonChannel,CLCA4
SurfaceomeCadherin,CDH24
SurfaceomeIonChannel,KCNMB4
SurfaceomeTransporter,SLC22A23
Surfaceome,CLDN23
SurfaceomeTransporter,SLC6A15
Surfaceome,TMEM30B
SurfaceomeCadherin,PCDHB4
SurfaceomeCadherin,PCDHGB2
SurfaceomeScavenger receptor,CD163L1
Surfaceome,SEMA6C
Surfaceome,HEPH
SurfaceomeTransporter,SLC39A5
SurfaceomeTransporter,SLC38A4
SurfaceomeIonChannel,KCNC2
SurfaceomeCadherin,PCDHB12
Surfaceome,APCDD1
SurfaceomeTNFT cell co-stimulator,TNFSF18
Surfaceome,LRP11
SurfaceomeCadherin,PCDHGA2
SurfaceomeCadherin,CLSTN2
SurfaceomeTransporter,SLC26A9
SurfaceomeTransporter,SLC41A2
SurfaceomeCadherin,PCDHGA10
SurfaceomeCadherin,PCDHGA6
Surfaceome,TMEM131
SurfaceomeCadherin,PCDHGA11
SurfaceomeCadherin,PCDHGA7
SurfaceomeIonChannel,HTR3B
SurfaceomeCadherin,PCDH11X
Surfaceome,ZP4
SurfaceomeCadherin,PCDHA6
SurfaceomeTransporter,SLC41A3
SurfaceomeCadherin,PCDHGA3
SurfaceomeCadherin,PCDHGB3
SurfaceomeCadherin,PCDHGA5
SurfaceomeCadherin,PCDHA10
SurfaceomeCadherin,DSG3
Surfaceome,PRF1
SurfaceomeNK cell co-stimulator/co-inhibitor,NCR3
SurfaceomeIL-17 receptor family,IL17RD
Surfaceome,ROBO4
SurfaceomeKinase,EFNA1
Surfaceome,GFRA2
SurfaceomeEnzyme,PLA2G3
Surfaceome,APP
SurfaceomeTransporter,SLC2A3
Surfaceome,TFRC
SurfaceomeTransporter,ATP2B4
SurfaceomeEnzyme,ADAM17
SurfaceomeScavenger receptor,SCARB2
Surfaceome,MYH9
Surfaceome,GPC1
SurfaceomeEnzyme,MMP14
Surfaceome,PLP2
SurfaceomeCTLDs VI MMR family,LY75
Surfaceome,HLA-G
SurfaceomeIonChannel,KCNMA1
SurfaceomeEnzyme,PTPRA
Surfaceome,ANTXR2
Surfaceome,TMEM132A
SurfaceomeGPCR,HRH1
SurfaceomeGPCR,TACR1
SurfaceomeGPCR,GCGR
SurfaceomeGPCR,CNR2
SurfaceomeGPCR,CHRM2
SurfaceomeIonChannel,SCN9A
SurfaceomeEnzyme,SPINT2
SurfaceomeIonChannel,TRPV6
SurfaceomeTransporter,SLC6A4
Surfaceome,RHCG
SurfaceomeTransporter,SLC9A7
SurfaceomeTetraspanin,TSPAN3
SurfaceomeTetraspanin,TSPAN6
SurfaceomeIonChannel,GLRA1
SurfaceomeCadherin,DSC1
SurfaceomeGPCRC-C motif chemokine Receptor,CCR2
SurfaceomeGPCR,DRD4
SurfaceomeGPCR,FZD5
SurfaceomeGPCRC-C motif chemokine Receptor,CCR6
SurfaceomeEnzyme,PPAP2C
Surfaceome,CNNM2
SurfaceomeGPCR,GPRC5C
SurfaceomeIonChannel,PIEZO2
SurfaceomeGPCR,CHRM4
SurfaceomeCTLDs V NK receptor,CLEC2B
SurfaceomeGPCR,CCKAR
SurfaceomeCTLDs V NK receptor,CD69
SurfaceomeEnzyme,PTPRD
Surfaceome,LRRC32
Surfaceome,LRP8
SurfaceomeEnzyme,ALPL
SurfaceomeTransporter,ABCC8
Surfaceome,SV2A
SurfaceomeIonChannel,GRIN1
SurfaceomeTransporter,SLC38A5
SurfaceomeImmunoglobulin-like family of IL-1 receptors,IL18R1
SurfaceomeTumor necrosis factor receptor superfamilyT cell co-stimulator,LTBR
SurfaceomeIgSF_CAM,LRFN1
SurfaceomeTransporter,SLC39A8
SurfaceomeTransporter,SLC7A6
Surfaceome,GYPA
SurfaceomeIgSF_CAM,SIRPG
SurfaceomeIonChannel,CHRNB2
Surfaceome,CNTNAP1
SurfaceomeTetraspanin,TSPAN31
SurfaceomeTetraspanin,TSPAN13
Surfaceome,MXRA8
SurfaceomeIonChannel,CLCN6
Surfaceome,IGFLR1
Surfaceome,FKRP
SurfaceomeIonChannel,SCN2B
Surfaceome,ITM2C
SurfaceomeIonChannel,TMEM63A
SurfaceomeTetraspanin,TSPAN18
SurfaceomeT cell co-inhibitor,BTN3A2
Surfaceome,SIDT2
Surfaceome,AQP2
SurfaceomeIonChannel,GLRA3
SurfaceomeGPCRC-X-C motif chemokine Receptor,CXCR2
SurfaceomeGPCR,OXTR
SurfaceomeGPCR,BDKRB1
Surfaceome,COL6A2
Surfaceome,GOLM1
SurfaceomeGPCRC-C motif chemokine Receptor,CCR1
SurfaceomeGPCR,HTR2A
SurfaceomeGPCR,AVPR1A
SurfaceomeGPCR,HTR2C
SurfaceomeGPCR,ADGRD1
SurfaceomeGPCR,GPR157
SurfaceomeGPCR,ADGRA2
Surfaceome,LILRA1
SurfaceomeGPCR,GPR176
SurfaceomeGPCRAtypical chemokine Receptor,CCRL2
SurfaceomeGPCR,GPR15
SurfaceomeGPCR,MTNR1B
SurfaceomeGPCR,ADGRA3
SurfaceomeGPCR,GPR55
SurfaceomeGPCR,TAS1R1
SurfaceomeGPCR,TAS1R2
SurfaceomeProlactin receptor family,MPL
SurfaceomeIonChannel,TRPM8
SurfaceomeT cell co-inhibitor,CTLA4
SurfaceomeEnzyme,NOX1
SurfaceomeEnzyme,RNF43
Surfaceome,CLDN1
SurfaceomeIL-2 receptor family,IL21R
SurfaceomeTransporter,SLC39A4
Surfaceome,JAG2
Surfaceome,PMEPA1
SurfaceomeEnzyme,ADAM8
SurfaceomeIonChannel,CHRNA4
Surfaceome,CLN3
Surfaceome,CLDN11
SurfaceomeIgSF_CAM,UNC5B
Surfaceome,TM4SF1
Surfaceome,UNC5C
SurfaceomeEnzyme,ATP6V0A4
SurfaceomeIonChannel,GRIK2
SurfaceomeTumor necrosis factor receptor superfamily,TNFRSF13B
Surfaceome,CRB1
SurfaceomeIonChannel,SCN4A
SurfaceomeTetraspanin,TSPAN2
SurfaceomeIonChannel,TRPV4
SurfaceomeKinaseTGF-beta receptor family,ACVRL1
SurfaceomeIL-12 receptor family,IL12RB1
SurfaceomeTransporter,SLC24A2
SurfaceomeTransporter,SLC16A2
Surfaceome,CLDN16
Surfaceome,SEMA5A
SurfaceomeTransporter,ATP2B2
SurfaceomeTransporter,SLC19A3
SurfaceomeTransporter,ABCA8
Surfaceome,LDLRAD3
SurfaceomeIonChannel,CACNG4
SurfaceomeIntegrin,ITGAE
Surfaceome,CD101
SurfaceomeIonChannel,KCNE3
SurfaceomeCadherin,FAT2
SurfaceomeEnzyme,ADCY7
SurfaceomeIonChannel,GABRB2
SurfaceomeIonChannel,GRIN2B
SurfaceomeFc Receptor,FCGR1B
Surfaceome,KIAA1324
SurfaceomeTransporter,SLC41A1
SurfaceomeTransporter,SLC16A10
Surfaceome,MIP
SurfaceomeCadherin,PCDHGA1
SurfaceomeIonChannel,SCN1B
Surfaceome,CACHD1
SurfaceomeEnzyme,DAGLA
SurfaceomeIgSF_CAM,LRRC4B
SurfaceomeTransporter,SLC8B1
Surfaceome,FAM174A
SurfaceomeIonChannel,LRRC38
Surfaceome,MEP1B
SurfaceomeGPCR,ADRB1
SurfaceomeGPCR,GPR35
SurfaceomeGPCRC-X-C motif chemokine Receptor,CXCR6
SurfaceomeGPCR,SSTR1
SurfaceomeGPCR,MCHR1
SurfaceomeGPCR,OR51E2
SurfaceomeGPCR,CASR
SurfaceomeGPCR,RXFP1
SurfaceomeGPCR,ADRA1D
SurfaceomeGPCR,GPBAR1
SurfaceomeIgSF_CAM,CNTN3
Surfaceome,OSCAR
SurfaceomeGPCR,BDKRB2
SurfaceomeGPCR,F2RL2
SurfaceomeGPCR,LPAR3
SurfaceomeGPCR,GPR160
SurfaceomeGPCR,LGR6
SurfaceomeGPCR,ADORA2B
SurfaceomeGPCRC-C motif chemokine Receptor,CCR10
SurfaceomeGPCRX-C motif chemokine Receptor,XCR1
SurfaceomeGPCR,GPR158
SurfaceomeGPCR,FFAR4
SurfaceomeGPCR,FZD9
SurfaceomeGPCR,GRM8
SurfaceomeGPCRC-C motif chemokine Receptor,CCR8
SurfaceomeGPCR,GPR20
SurfaceomeGPCR,GALR1
SurfaceomeGPCRComplement receptor,C3AR1
SurfaceomeGPCR,LHCGR
SurfaceomeGPCRC-C motif chemokine Receptor,CCR3
SurfaceomeGPCR,GPR27
SurfaceomeGPCR,HCAR3
SurfaceomeGPCR,ADRA1A
SurfaceomeGPCR,ADRB3
SurfaceomeGPCR,TAS1R3
SurfaceomeGPCR,AVPR1B
SurfaceomeT cell co-inhibitor,HHLA2
SurfaceomeGPCR,PROKR1
SurfaceomeGPCR,GPR25
SurfaceomeGPCR,NPFFR1
SurfaceomeGPCR,SSTR4
SurfaceomeGPCR,PROKR2
SurfaceomeGPCR,HTR6
SurfaceomeGPCR,HTR4
SurfaceomeGPCR,GRM7
SurfaceomeGPCR,GALR2
SurfaceomeGPCR,GALR3
SurfaceomeGPCR,GRM4
SurfaceomeGPCR,OR52N4
SurfaceomeGPCR,OR52K2
SurfaceomeGPCR,OR52E8
SurfaceomeGPCR,BRS3
SurfaceomeGPCR,OR51T1
SurfaceomeGPCR,OR56A3
SurfaceomeGPCR,OR56B4
SurfaceomeGPCR,GRM6
SurfaceomeGPCR,OR51A4
SurfaceomeGPCR,GPR101
SurfaceomeGPCR,OR11H4
SurfaceomeGPCR,OR51B4
SurfaceomeGPCR,OR52L1
SurfaceomeGPCR,HTR5A
SurfaceomeGPCR,OR51F2
SurfaceomeGPCR,OR56A5
SurfaceomeGPCR,OR51H1
SurfaceomeGPCR,OR51Q1
SurfaceomeGPCR,OR52E6
SurfaceomeGPCR,OR51M1
SurfaceomeGPCR,OR10H3
SurfaceomeGPCR,CHRM5
SurfaceomeGPCR,OR56A1
SurfaceomeGPCR,GPR149
SurfaceomeGPCR,OR6T1
SurfaceomeGPCR,OR51B6
SurfaceomeGPCR,OR51A7
SurfaceomeGPCR,OR52E2
SurfaceomeGPCR,OPN1MW
SurfaceomeGPCR,OR51A2
SurfaceomeGPCR,OR51S1
SurfaceomeGPCR,OR52M1
SurfaceomeGPCR,OR52A5
SurfaceomeGPCR,OR51D1
SurfaceomeGPCR,OR52I2
SurfaceomeGPCR,OR52I1
SurfaceomeGPCR,OR52A1
SurfaceomeGPCR,OR52N1
SurfaceomeGPCR,OR56A4
SurfaceomeGPCR,GPR151
SurfaceomeGPCR,OR51L1
SurfaceomeGPCR,OR52E4
SurfaceomeGPCR,OR51I1
SurfaceomeGPCR,OR52N2
SurfaceomeGPCR,OR5T3
SurfaceomeGPCR,OR52B6
SurfaceomeGPCR,OR52N5
SurfaceomeGPCR,OR52W1
SurfaceomeGPCR,OR13F1
SurfaceomeGPCR,OR52K1
Surfaceome,EGF
SurfaceomeEnzyme,FOLH1
SurfaceomeTransporter,ABCC11
SurfaceomeEnzyme,PTPRN
SurfaceomeEnzyme,SULF1
Surfaceome,LYVE1
SurfaceomeTransporter,SLC26A4
SurfaceomeToll like receptor,TLR5
SurfaceomeNK cell co-stimulator/co-inhibitorCTLDs V NK receptor,KLRB1
Surfaceome,DCSTAMP
SurfaceomeIonChannel,HTR3A
SurfaceomeTransporter,ABCA12
Surfaceome,CLDN5
SurfaceomeIonChannel,KCND2
Surfaceome,CALY
SurfaceomeEnzyme,ADCY1
SurfaceomeIonChannel,CACNA1H
Surfaceome,CNTNAP2
SurfaceomeIgSF_CAM,BOC
SurfaceomeIonChannel,GRIA4
SurfaceomeEnzyme,DUOX2
SurfaceomeIonChannel,CACNG8
SurfaceomeTransporter,SLC6A19
SurfaceomeIonChannel,GRIA1
SurfaceomeCTLDs V NK receptor,CLEC1A
Surfaceome,TM4SF4
SurfaceomeIL-12 receptor family,IL12RB2
Surfaceome,GJA5
Surfaceome,GPC5
Surfaceome,NRXN1
SurfaceomeIonChannel,GABRA3
SurfaceomeTransporter,SLC51A
SurfaceomeIonChannel,GABRD
Surfaceome,AJAP1
SurfaceomeEnzyme,DPP6
SurfaceomeIonChannel,KCNA2
SurfaceomeTransporter,SLCO5A1
SurfaceomeCadherin,PCDH8
SurfaceomeT cell co-stimulator,TMIGD2
SurfaceomeIonChannel,GRIK4
SurfaceomeTransporter,SLC10A2
Surfaceome,GJB5
Surfaceome,EFNB3
SurfaceomeIonChannel,GRIK1
Surfaceome,NRG2
SurfaceomeCTLDs V NK receptor,KLRF1
SurfaceomeIonChannel,KCNG3
SurfaceomeIonChannel,KCNS1
SurfaceomeIonChannel,KCNA5
SurfaceomeIonChannel,KCNC3
SurfaceomeTransporter,SLC16A5
Surfaceome,SLITRK3
SurfaceomeTransporter,SLC6A1
Surfaceome,SEMA6A
Surfaceome,KIAA0319
SurfaceomeIonChannel,KCNG1
SurfaceomeTransporter,SLC16A12
SurfaceomeTransporter,SLC28A3
Surfaceome,GJC2
SurfaceomeIonChannel,KCNC1
SurfaceomeIonChannel,CHRNA9
SurfaceomeKinase,GUCY2C
SurfaceomeTransporter,SLC36A4
SurfaceomeIonChannel,GABRG3
SurfaceomeIonChannel,KCNH6
SurfaceomeEnzyme,LPPR5
Surfaceome,TMEM25
SurfaceomeIonChannel,GABRP
SurfaceomeCadherin,CDHR3
SurfaceomeIonChannel,KCNK13
SurfaceomeTransporter,SLC28A1
SurfaceomeIonChannel,CHRNB1
SurfaceomeIonChannel,KCNK7
SurfaceomeEnzyme,ST3GAL5
SurfaceomeIgSF_CAM,IGSF11
SurfaceomeCadherin,CDH18
SurfaceomeImmunoglobulin-like family of IL-1 receptors,IL1RL2
SurfaceomeIonChannel,GABRE
Surfaceome,GJA4
SurfaceomeTransporter,SLC38A6
Surfaceome,CD164L2
SurfaceomeTransporter,SLC45A4
SurfaceomeEnzyme,PGAP1
Surfaceome,SEZ6
SurfaceomeTransporter,SLC44A5
SurfaceomeIonChannel,GLRB
Surfaceome,ESYT3
SurfaceomeIonChannel,KCNA1
Surfaceome,ERMAP
Surfaceome,CLDN15
SurfaceomeCadherin,PCDHGA4
Surfaceome,ECSCR
SurfaceomeIonChannel,KCNG4
SurfaceomeIonChannel,CHRNE
SurfaceomeIonChannel,KCNH5
Surfaceome,GINM1
Surfaceome,GJD2
SurfaceomeTransporter,SLC12A3
SurfaceomeIonChannel,GABRG1
Surfaceome,OPALIN
SurfaceomeIonChannel,ANO2
SurfaceomeIonChannel,GABRB1
SurfaceomeIonChannel,GRIN3A
SurfaceomeCTLDs V NK receptor,CLEC1B
Surfaceome,CEACAM8
SurfaceomeCadherin,CDH7
SurfaceomeIgSF_CAM,ICAM4
SurfaceomeIonChannel,GABRA4
SurfaceomeIonChannel,GLRA2
SurfaceomeTransporter,ATP4B
Surfaceome,CLDN20
Surfaceome,GJD3
SurfaceomeTransporter,SLCO6A1
SurfaceomeCadherin,PCDHA1
SurfaceomeIonChannel,GABRA6
SurfaceomeCadherin,PCDHA4
Surfaceome,CLDN17
SurfaceomeIonChannel,CHRNB3
SurfaceomeCadherin,CDH12
SurfaceomeT cell co-inhibitor,BTN1A1
SurfaceomeGPCR,OR52J3
Surfaceome,LY6G6F
Surfaceome,GPC3
SurfaceomeIgSF_CAM,CNTN2
SurfaceomeMucin,MUC20
Surfaceome,CUBN
Surfaceome,PKHD1
Surfaceome,MDGA1
Surfaceome,LILRA5
Surfaceome,PSCA
SurfaceomeEnzyme,ALPPL2
SurfaceomeEnzyme,SULF2
SurfaceomeEnzyme,TRABD2B
Surfaceome,ANGPT1
SurfaceomeEnzyme,ALPI
Surfaceome,TRAC
Surfaceome,VDAC1
SurfaceomeIonChannel,ITPR3
SurfaceomeEnzyme,TMX3
SurfaceomeEnzyme,ENO1
Surfaceome,HSPA8
SurfaceomeCTLDs X Polycystin family,PKD1
SurfaceomeTransporter,SLC5A6
SurfaceomeEnzyme,PLD3
SurfaceomeEnzyme,PON2
SurfaceomeGPCRComplement receptor,C5AR1
Surfaceome,ANXA1
Surfaceome,IGSF3
SurfaceomeGPCRC-C motif chemokine Receptor,CCR9
Surfaceome,IFITM3
SurfaceomeTransporter,SLC4A4
Surfaceome,VLDLR
SurfaceomeEnzyme,ADAM15
SurfaceomeTransporter,SLC17A5
Surfaceome,KIAA1549
Surfaceome,STX4
SurfaceomeTransporter,SLC52A2
SurfaceomeTransporter,SLC4A2
Surfaceome,DCBLD1
Surfaceome,EVI2B
Surfaceome,LMBRD1
Surfaceome,LSR
SurfaceomeTransporter,SLC38A2
Surfaceome,SERINC1
Surfaceome,CD320
SurfaceomeGPCR,PTH1R
Surfaceome,NCKAP1L
Surfaceome,MFGE8
SurfaceomeGPCR,P2RY1
SurfaceomeEnzyme,GDPD5
SurfaceomeGPCR,RHO
SurfaceomeGPCR,GPRC5B
SurfaceomeEnzyme,PLD4
Surfaceome,GPC4
Surfaceome,TGOLN2
SurfaceomeGPCRT cell co-inhibitor,ADORA2A
Surfaceome,GJB2
Surfaceome,ADIPOR2
SurfaceomeCTLDs XIV Endosialin family,CD248
Surfaceome,LRIG1
SurfaceomeEnzyme,TCIRG1
SurfaceomeIonChannel,TRPV3
SurfaceomeIgSF_CAM,CADM4
SurfaceomeCadherin,CLSTN1
Surfaceome,CHRNA7
SurfaceomeEnzyme,PIK3IP1
SurfaceomeTransporter,SLC15A4
Surfaceome,OSTM1
SurfaceomeEnzyme,SMPDL3B
Surfaceome,TM9SF1
Surfaceome,VAMP5
SurfaceomeIonChannel,P2RX3
SurfaceomeTransporter,ATP1A4
Surfaceome,NOTCH3
SurfaceomeIonChannel,CACNA1C
SurfaceomeGPCR,CNR1
SurfaceomeGPCR,CHRM1
SurfaceomeGPCR,OPRL1
SurfaceomeGPCR,GPR183
SurfaceomeIonChannel,CACNA2D1
SurfaceomeGPCR,HCRTR1
SurfaceomeGPCR,DRD3
SurfaceomeGPCR,OPRD1
SurfaceomeGPCR,GRM5
SurfaceomeGPCR,HCRTR2
Surfaceome,SDC1
SurfaceomeKinaseTGF-beta receptor family,BMPR1A
Surfaceome,CLDN6
SurfaceomeKinase,EPHA7
SurfaceomeEnzyme,FURIN
SurfaceomeEnzyme,PAM
SurfaceomeIonChannel,KCNK2
SurfaceomeIgSF_CAM,GPA33
SurfaceomeToll like receptor,TLR6
SurfaceomeTransporter,ABCA2
SurfaceomeTransporter,ATP10A
SurfaceomeCadherin,PCDH10
SurfaceomeIonChannel,SCNN1A
SurfaceomeTransporter,ATP1A2
Surfaceome,C1orf159
SurfaceomeCTLDs XIV Endosialin family,CD93
SurfaceomeTransporter,SLC22A4
SurfaceomeIonChannel,GABRA1
Surfaceome,TMEM87B
Surfaceome,SLITRK5
SurfaceomeCTLDs XII CTLD/acidic neck,CD302
Surfaceome,KIAA1324L
SurfaceomeIonChannel,KCNK6
Surfaceome,TMEM104
Surfaceome,KIAA1467
SurfaceomeTransporter,SLC9A6
Surfaceome,TMEM181
SurfaceomeIonChannel,KCNK4
Surfaceome,STRA6
SurfaceomeGPCR,ADGRL1
SurfaceomeGPCR,DRD1
SurfaceomeGPCR,CYSLTR2
Surfaceome,HLA-DQB2
SurfaceomeGPCR,GPR171
Surfaceome,IGHM
SurfaceomeGPCR,MTNR1A
SurfaceomeGPCR,NPY2R
Surfaceome,HLA-H
SurfaceomeGPCR,OR6C76
Surfaceome,PDPN
SurfaceomeTransporter,ABCC3
SurfaceomeEnzyme,HAS1
Surfaceome,NRG1
SurfaceomeTumor necrosis factor receptor superfamily,TNFRSF10D
Surfaceome,GJC1
SurfaceomeEnzyme,ATP7A
SurfaceomeT cell co-stimulator/co-inhibitor,SLAMF7
Surfaceome,LAMP3
Surfaceome,TMEM67
SurfaceomeTumor necrosis factor receptor superfamily,TNFRSF10C
SurfaceomeTransporter,SLC34A2
SurfaceomeCadherin,FAT4
SurfaceomeTransporter,ABCA5
Surfaceome,HFE2
Surfaceome,BTC
SurfaceomeIonChannel,KCNK3
Surfaceome,GPM6A
SurfaceomeNK cell co-stimulator,ULBP3
Surfaceome,TMEM8B
SurfaceomeTransporter,ABCG5
SurfaceomeTetraspanin,TSPAN5
Surfaceome,PLXDC1
Surfaceome,EMP2
Surfaceome,FAM189B
SurfaceomeT cell co-inhibitor,LILRB3
SurfaceomeTransporter,SLCO2B1
SurfaceomeTransporter,ATP4A
SurfaceomeCadherin,CDH23
SurfaceomeIonChannel,GRIN2A
SurfaceomeIonChannel,GRID2
Surfaceome,LAMP5
Surfaceome,MARVELD2
SurfaceomeTransporter,ATP8B4
SurfaceomeTransporter,SLC2A11
SurfaceomeCadherin,FAT3
Surfaceome,HLA-DQA2
SurfaceomeIonChannel,SLC26A1
SurfaceomeKinase,MUSK
Surfaceome,ZFYVE27
SurfaceomeCadherin,PCDHB2
Surfaceome,TMCO3
Surfaceome,LRRC25
SurfaceomeCTLDs II Type 2 receptor,CLEC17A
Surfaceome,IGSF1
SurfaceomeEnzyme,PIGN
Surfaceome,TM7SF3
SurfaceomeEnzyme,RNF13
SurfaceomeTransporter,SLC15A3
Surfaceome,PRRT3
SurfaceomeKinaseTGF-beta receptor family,ACVR1B
Surfaceome,MFSD8
Surfaceome,VSIG10
Surfaceome,LMBR1L
SurfaceomeTransporter,SLC2A8
SurfaceomeIonChannel,KCNE1
SurfaceomeIonChannel,KCNT1
SurfaceomeNK cell co-inhibitor,KIR3DL2
SurfaceomeIgSF_CAM,SIGLEC5
SurfaceomeCadherin,PCDH11Y
SurfaceomeGPCR,GPER1
SurfaceomeGPCR,MC1R
SurfaceomeGPCRC-X-3-C motif chemokine Receptor,CX3CR1
SurfaceomeGPCR,SSTR2
Surfaceome,ANK3
SurfaceomeGPCR,OR51E1
SurfaceomeGPCR,ADCYAP1R1
SurfaceomeGPCR,P2RY6
SurfaceomeGPCR,GRM3
SurfaceomeGPCR,GPR3
SurfaceomeGPCRAtypical chemokine Receptor,ACKR1
SurfaceomeEnzyme,SMPD1
SurfaceomeTNF,TNFSF12
SurfaceomeGPCR,GPR143
SurfaceomeEnzyme,NEU1
Surfaceome,RGMA
SurfaceomeGPCR,ADGRB1
SurfaceomeGPCR,GPR4
SurfaceomeGPCR,PTGFR
SurfaceomeGPCR,HRH3
SurfaceomeGPCR,GPR68
SurfaceomeGPCR,GPR17
SurfaceomeGPCR,FZD10
SurfaceomeGPCR,QRFPR
SurfaceomeGPCR,ADGRB2
SurfaceomeGPCR,P2RY13
SurfaceomeGPCR,ADGRE1
SurfaceomeGPCR,OR2W3
SurfaceomeTransporter,SLC36A1
SurfaceomeGPCR,CCKBR
SurfaceomeGPCR,FZD8
SurfaceomeGPCR,FFAR2
Surfaceome,LRP10
SurfaceomeGPCR,OXER1
SurfaceomeGPCRComplement receptor,C5AR2
SurfaceomeGPCR,HRH2
SurfaceomeGPCR,GPR18
SurfaceomeGPCR,SSTR3
SurfaceomeGPCR,NPBWR1
SurfaceomeGPCRAtypical chemokine Receptor,ACKR2
SurfaceomeGPCR,GHSR
SurfaceomeScavenger receptor,SCARF2
SurfaceomeGPCR,NPSR1
SurfaceomeGPCR,RXFP4
SurfaceomeIonChannel,SCN5A
SurfaceomeGPCRAtypical chemokine Receptor,ACKR4
SurfaceomeGPCR,GPR85
SurfaceomeGPCR,GNRHR
SurfaceomeGPCR,GPR61
SurfaceomeGPCR,GPR84
SurfaceomeGPCR,GPRC5D
SurfaceomeGPCR,GPRC6A
SurfaceomeGPCR,OR2B6
SurfaceomeGPCR,TAAR1
SurfaceomeGPCR,RXFP2
SurfaceomeGPCR,TACR3
SurfaceomeEnzyme,PTPRQ
SurfaceomeGPCR,GPR62
SurfaceomeGPCR,HTR1F
SurfaceomeGPCR,GHRHR
SurfaceomeGPCR,MC3R
SurfaceomeGPCR,OR1L8
SurfaceomeGPCR,GPR150
SurfaceomeGPCR,TAAR9
SurfaceomeGPCR,OR1F1
SurfaceomeGPCR,HRH4
SurfaceomeGPCR,OR7A5
SurfaceomeGPCR,OR10G8
SurfaceomeGPCR,GPR139
SurfaceomeGPCR,OR14A16
SurfaceomeGPCR,GRM2
SurfaceomeGPCR,TAAR8
SurfaceomeGPCR,UTS2R
SurfaceomeGPCR,OR7A10
SurfaceomeGPCR,OR2L5
SurfaceomeGPCR,OR1E2
SurfaceomeGPCR,OR2A4
SurfaceomeGPCR,OR5I1
SurfaceomeGPCR,RXFP3
SurfaceomeGPCR,OR2C1
SurfaceomeGPCR,MRGPRX3
SurfaceomeGPCR,OR11A1
SurfaceomeGPCR,OR2T4
SurfaceomeGPCR,OR8A1
SurfaceomeIonChannel,BEST2
SurfaceomeGPCR,OR2T29
SurfaceomeGPCR,OR1J4
SurfaceomeGPCR,NPBWR2
SurfaceomeGPCR,OR2T1
SurfaceomeGPCR,OR10A3
SurfaceomeGPCR,OR2M7
SurfaceomeGPCR,OR2B2
SurfaceomeGPCR,GPR52
SurfaceomeGPCR,OR7C2
SurfaceomeGPCR,OR6F1
SurfaceomeGPCR,OR6B2
SurfaceomeGPCR,OR10H1
SurfaceomeGPCR,OR6K3
SurfaceomeGPCR,OR13A1
SurfaceomeGPCR,MLNR
SurfaceomeGPCR,MCHR2
SurfaceomeGPCR,OR1G1
SurfaceomeGPCR,OR7C1
SurfaceomeGPCR,OR10A5
SurfaceomeGPCR,OR8G5
SurfaceomeGPCR,OR2T2
SurfaceomeGPCR,OR5P2
SurfaceomeGPCR,MAS1
SurfaceomeGPCR,OR5P3
SurfaceomeGPCR,OR6K6
SurfaceomeGPCR,OR1E1
SurfaceomeGPCR,OR2T8
SurfaceomeGPCR,OR3A2
SurfaceomeGPCR,MRGPRX4
SurfaceomeGPCR,OR2AK2
SurfaceomeGPCR,OR1J2
SurfaceomeGPCR,OR7G2
SurfaceomeGPCR,OR5K2
SurfaceomeGPCR,OR7D2
SurfaceomeGPCR,VN1R2
SurfaceomeGPCR,OR11L1
SurfaceomeGPCR,OR2M3
SurfaceomeGPCR,OR5M11
SurfaceomeGPCR,OR10G2
SurfaceomeGPCR,OR4C6
SurfaceomeGPCR,MRGPRX1
SurfaceomeGPCR,OR2Z1
SurfaceomeGPCR,OR14I1
SurfaceomeGPCR,OR2T27
SurfaceomeGPCR,P2RY4
SurfaceomeGPCR,OR2M5
SurfaceomeGPCR,OR2J3
SurfaceomeGPCR,OR7E24
SurfaceomeGPCR,OR2G6
SurfaceomeGPCR,OR2G3
SurfaceomeGPCR,HTR1E
SurfaceomeGPCR,OR1J1
SurfaceomeGPCR,GPR45
SurfaceomeGPCR,OR1N2
SurfaceomeGPCR,OR6C70
SurfaceomeGPCR,OR10J5
SurfaceomeGPCR,OR6A2
SurfaceomeGPCR,OR1N1
SurfaceomeGPCR,OR4D10
SurfaceomeGPCR,OR5B12
SurfaceomeGPCR,OR1Q1
SurfaceomeGPCR,OR2T35
SurfaceomeGPCR,MRGPRG
SurfaceomeGPCR,OR10G9
SurfaceomeGPCR,GPR148
SurfaceomeGPCR,OR1I1
SurfaceomeGPCR,OR2AT4
SurfaceomeGPCR,OR2T12
SurfaceomeGPCR,OR10G3
SurfaceomeGPCR,OR6S1
SurfaceomeGPCR,OR10S1
SurfaceomeGPCR,OR6K2
SurfaceomeGPCR,OR6C2
SurfaceomeGPCR,OR1D5
SurfaceomeGPCR,OR2V2
SurfaceomeGPCR,OR51J1
SurfaceomeGPCR,OR9Q1
SurfaceomeGPCR,OR10H2
SurfaceomeGPCR,OR2G2
SurfaceomeGPCR,OR7G3
SurfaceomeGPCR,OR5A1
SurfaceomeGPCR,OR2M2
SurfaceomeGPCR,OR5F1
SurfaceomeGPCR,OR2B3
SurfaceomeGPCR,OR9A4
SurfaceomeGPCR,OR6N2
SurfaceomeGPCR,OR5M3
SurfaceomeGPCR,OR10H5
SurfaceomeGPCR,OR2AG2
SurfaceomeGPCR,OR4C3
SurfaceomeGPCR,OR2D3
SurfaceomeGPCR,OR10G7
SurfaceomeGPCR,GPR33
SurfaceomeGPCR,OR52B2
SurfaceomeGPCR,NMUR2
SurfaceomeGPCR,OR4N4
SurfaceomeGPCR,OR14K1
SurfaceomeGPCR,OR6P1
SurfaceomeGPCR,OR6Y1
SurfaceomeGPCR,OR52D1
SurfaceomeGPCR,OR6B3
SurfaceomeGPCR,OR10P1
SurfaceomeGPCR,OR6C74
SurfaceomeGPCR,OR13C3
SurfaceomeGPCR,OR56B1
SurfaceomeGPCR,OR13H1
SurfaceomeGPCR,OR5T2
SurfaceomeGPCR,GPR21
SurfaceomeGPCR,OR3A3
SurfaceomeGPCR,OR8B8
SurfaceomeGPCR,OR9G1
SurfaceomeGPCR,OR6B1
SurfaceomeGPCR,OR51G2
SurfaceomeGPCR,OR51I2
SurfaceomeGPCR,OR4D9
SurfaceomeGPCR,OR6M1
SurfaceomeGPCR,OR6X1
SurfaceomeGPCR,OR4M1
SurfaceomeGPCR,OR4E2
SurfaceomeGPCR,OR10H4
SurfaceomeGPCR,OR5M10
SurfaceomeGPCR,OR8I2
SurfaceomeGPCR,OR6C3
SurfaceomeGPCR,OR10G6
SurfaceomeGPCR,OR4D5
SurfaceomeGPCR,OR5AP2
SurfaceomeGPCR,OR2V1
SurfaceomeGPCR,OR6C1
SurfaceomeGPCR,OR10V1
SurfaceomeGPCR,OR5C1
SurfaceomeGPCR,OR52E5
SurfaceomeGPCR,OR9Q2
SurfaceomeGPCR,OR4C15
SurfaceomeGPCR,OR8J3
SurfaceomeGPCR,OR5AK2
SurfaceomeGPCR,OR4Q3
SurfaceomeGPCR,OR6J1
SurfaceomeGPCR,OR5B17
SurfaceomeGPCR,OR4C46
SurfaceomeGPCR,OR9I1
SurfaceomeGPCR,OR51V1
SurfaceomeGPCR,OR5L2
SurfaceomeGPCR,OR52H1
SurfaceomeGPCR,OR5K1
SurfaceomeGPCR,OR5H15
SurfaceomeGPCR,OR4A47
SurfaceomeGPCR,OR6V1
SurfaceomeGPCR,OR5B3
SurfaceomeGPCR,OR4D11
SurfaceomeGPCR,OR2AE1
SurfaceomeGPCR,OR8H2
SurfaceomeGPCR,OR8H1
SurfaceomeGPCR,OR4X1
SurfaceomeGPCR,OR5M9
SurfaceomeGPCR,OR1S2
SurfaceomeGPCR,OR5AS1
SurfaceomeGPCR,OR4F15
SurfaceomeGPCR,OR8K1
SurfaceomeGPCR,OR5B21
SurfaceomeGPCR,OR5D18
SurfaceomeGPCR,OR13D1
SurfaceomeGPCR,OR9G4
SurfaceomeGPCR,OR4C13
SurfaceomeGPCR,OR6C68
SurfaceomeGPCR,OR9A2
SurfaceomeGPCR,OR1L6
SurfaceomeGPCR,OR4C11
SurfaceomeGPCR,OR6C4
SurfaceomeGPCR,OR2AP1
SurfaceomeGPCR,OR5M8
SurfaceomeGPCR,OR8H3
SurfaceomeGPCR,OR5D16
SurfaceomeGPCR,OR6C65
SurfaceomeGPCR,OR6C75
SurfaceomeGPCR,OR8K5
SurfaceomeGPCR,OR8J1
SurfaceomeGPCR,OR1L1
SurfaceomeGPCR,OR13C8
SurfaceomeGPCR,OR6C6
SurfaceomeGPCR,OR13C4
SurfaceomeGPCR,OR1L4
SurfaceomeGPCR,OR5J2
SurfaceomeGPCR,OR5K3
SurfaceomeGPCR,OR1L3
SurfaceomeGPCR,OR8U1
SurfaceomeGPCR,OR5H1
SurfaceomeGPCR,OR5D14
SurfaceomeGPCR,OR4S2
SurfaceomeIonChannel,ANO1
SurfaceomeTNF,TNFSF11
SurfaceomeTransporter,SLC6A3
SurfaceomeKinase,ROS1
SurfaceomeTransporter,SLC45A2
Surfaceome,DLK1
Surfaceome,CD52
SurfaceomeEnzyme,MMP16
SurfaceomeIonChannel,KCNK9
SurfaceomeEnzyme,NOX4
SurfaceomeTNFT cell co-stimulator,TNFSF4
SurfaceomeSelectinCTLDs IV Selectin,SELE
SurfaceomeProlactin receptor family,EPOR
SurfaceomeEnzyme,DCT
Surfaceome,TGFA
Surfaceome,CD8A
SurfaceomeNK cell co-stimulatorCTLDs V NK receptor,KLRC2
Surfaceome,CD1E
Surfaceome,DLL1
Surfaceome,TREM2
SurfaceomeIonChannel,CHRNB4
Surfaceome,BAMBI
Surfaceome,GJA3
SurfaceomeTransporter,SLC52A3
Surfaceome,EREG
Surfaceome,PLP1
SurfaceomeTransporter,SLC1A1
SurfaceomeTransporter,SLC11A1
SurfaceomeEnzymeOther,FLT3LG
SurfaceomeTransporter,SLC44A4
SurfaceomeIonChannel,CACNA1A
SurfaceomeEnzyme,PTPRU
SurfaceomeTransporter,SLC15A1
SurfaceomeIonChannel,P2RX2
SurfaceomeTNFT cell co-stimulator,TNFSF14
SurfaceomeEnzyme,TMPRSS6
SurfaceomeEnzyme,MGAM
SurfaceomeIonChannel,GRIN2D
SurfaceomeIonChannel,CHRNA2
SurfaceomeTransporter,SLC12A5
SurfaceomeEnzyme,PLB1
SurfaceomeTransporter,SLC22A1
SurfaceomeTransporter,SLC22A12
SurfaceomeIonChannel,KCNJ15
SurfaceomeIgSF_CAM,HEPACAM
SurfaceomeTumor necrosis factor receptor superfamilyT cell co-stimulator,TNFRSF18
SurfaceomeMucin,MUC13
Surfaceome,LRP1B
SurfaceomeIgSF_CAM,DSCAM
Surfaceome,CLDN8
SurfaceomeIonChannel,KCND3
SurfaceomeIonChannel,CLCNKB
SurfaceomeIonChannel,SCNN1B
Surfaceome,SGCA
Surfaceome,CLDN18
SurfaceomeInterferon receptor family,IFNGR2
SurfaceomeEnzyme,DPP10
SurfaceomeMucin,EMCN
SurfaceomeIL-6 receptor family,IL31RA
Surfaceome,TM4SF5
SurfaceomeEnzyme,ADCY8
SurfaceomeEnzyme,DUOX1
SurfaceomeTransporter,SLC7A8
SurfaceomeCadherin,CDH20
SurfaceomeEnzyme,ADCY2
Surfaceome,LAX1
SurfaceomeIgSF_CAM,DSCAML1
SurfaceomeEnzyme,ADCY5
SurfaceomeTransporter,SLC8A3
SurfaceomeTransporter,SLC6A13
SurfaceomeIonChannel,TTYH1
SurfaceomeCadherin,PCDHB8
SurfaceomeCadherin,PCDHB9
SurfaceomeTransporter,SLC7A3
SurfaceomeCadherin,CDH16
SurfaceomeTetraspanin,TSPAN12
Surfaceome,TMEM200C
SurfaceomeEnzyme,TMPRSS11D
SurfaceomeCadherin,PCDHB16
SurfaceomeTransporter,SLC22A17
SurfaceomeTransporter,SLC24A4
SurfaceomeCadherin,PCDHB7
SurfaceomeIonChannel,TMC7
SurfaceomeCadherin,CDHR2
SurfaceomeIonChannel,GRIN2C
SurfaceomeIonChannel,KCNJ4
SurfaceomeTransporter,SLC2A6
SurfaceomeTransporter,SLC13A3
Surfaceome,CLDN10
SurfaceomeTransporter,SLC22A7
SurfaceomeEnzyme,STEAP2
Surfaceome,AMN
Surfaceome,CLDN19
Surfaceome,IL18RAP
SurfaceomeIonChannel,KCNJ12
SurfaceomeIonChannel,KCNJ3
SurfaceomeTransporter,SLC2A12
SurfaceomeCadherin,PCDHB10
SurfaceomeCadherin,PCDHB13
Surfaceome,ERVMER34-1
Surfaceome,GPR155
Surfaceome,RHAG
Surfaceome,SYT6
SurfaceomeTransporter,SLC17A1
SurfaceomeEnzyme,KEL
SurfaceomeMucin,MUC21
SurfaceomeTransporter,SLC16A8
Surfaceome,SHISA9
SurfaceomeCadherin,PCDHB14
SurfaceomeTumor necrosis factor receptor superfamily,EDA2R
Surfaceome,UNC93A
SurfaceomeCadherin,PCDH12
SurfaceomeEnzyme,ZDHHC23
SurfaceomeTransporter,SLC4A10
SurfaceomeIonChannel,GABRQ
SurfaceomeKinase,EPHA10
SurfaceomeTransporter,SLC51B
SurfaceomeIL-2 receptor family,IL9R
SurfaceomeCadherin,PCDHAC2
SurfaceomeTransporter,SLC39A2
SurfaceomeCadherin,PCDHB15
Surfaceome,GJC3
SurfaceomeIgSF_CAM,SIGLEC12
Surfaceome,TRAT1
SurfaceomeTransporter,SLC10A6
Surfaceome,CAV3
SurfaceomeTransporter,SLC52A1
Surfaceome,RAMP2
Surfaceome,GRAMD1C
SurfaceomeScavenger receptor,MEGF10
SurfaceomeIonChannel,BEST4
SurfaceomeIonChannel,GRIN3B
Surfaceome,KCNE5
SurfaceomeCadherin,PCDHB5
Surfaceome,FAM174B
SurfaceomeIonChannel,KCNV2
SurfaceomeTransporter,SLCO1C1
Surfaceome,TMEM108
Surfaceome,TP53I13
Surfaceome,TMEM132E
SurfaceomeEnzyme,NLGN4Y
Surfaceome,MFSD2B
SurfaceomeIonChannel,CACNG3
Surfaceome,KIAA0195
Surfaceome,GJA8
Surfaceome,TMEM150A
SurfaceomeNK cell co-inhibitor,KIR2DL1
SurfaceomeCadherin,PCDHB3
SurfaceomeTransporter,SLC26A8
SurfaceomeTransporter,SLC22A8
SurfaceomeIonChannel,GABRR2
Surfaceome,GP1BB
Surfaceome,VSTM1
Surfaceome,ZAN
SurfaceomeIonChannel,CHRNA6
SurfaceomeIonChannel,ZACN
SurfaceomeIonChannel,CHRNG
SurfaceomeIonChannel,PANX3
SurfaceomeIonChannel,GABRR1
SurfaceomeTransporter,SLC6A5
SurfaceomeIonChannel,HTR3C
SurfaceomeIonChannel,KCNV1
Surfaceome,IL1RAPL1
SurfaceomeTransporter,SLCO1B7
Surfaceome,PTCHD1
SurfaceomeCadherin,DSG4
SurfaceomeGPCR,GPR119
SurfaceomeIonChannel,GABRR3
SurfaceomeIonChannel,KCNJ18
SurfaceomeIonChannel,GLRA4
Surfaceome,DYNAP
Surfaceome,CLDN22
SurfaceomeCadherin,PCDHA3
SurfaceomeCadherin,PCDHB1
SurfaceomeIonChannel,LRRC52
SurfaceomeCadherin,PCDHA12
Surfaceome,GJD4
SurfaceomeCTLDs V NK receptor,KLRF2
Surfaceome,GFRAL
SurfaceomeIonChannel,HTR3E
SurfaceomeIonChannel,HTR3D
SurfaceomeIonChannel,KCNA6
SurfaceomeGPCR,OR4C5
SurfaceomeCadherin,PCDHAC1
SurfaceomeGPCR,OR51B5
SurfaceomeGPCR,OR10A7
SurfaceomeEnzyme,PTPRN2
Surfaceome,TDGF1
Surfaceome,CD24
SurfaceomeTNFB cell co-stimulator,TNFSF13B
Surfaceome,NOTCH4
Surfaceome,EFNA3
Surfaceome,NTNG1
SurfaceomeEnzyme,PRSS8
Surfaceome,OMG
SurfaceomeEnzyme,TRABD2A
SurfaceomeIgSF_CAM,IGLON5
SurfaceomeEnzyme,NAALADL1
SurfaceomeEnzyme,PLSCR1
Surfaceome,TCTN2
Surfaceome,NPHS1
Surfaceome,TTC17
Surfaceome,RTN4RL2
SurfaceomeEnzyme,ENPP6
SurfaceomeGPCR,GNRHR2
SurfaceomeGPCR,ADGRE4P
SurfaceomeGPCR,OR52Z1
SurfaceomeGPCR,OR52B4
SurfaceomeGPCR,OR11H7
SurfaceomeGPCR,OR52L2P
SurfaceomeGPCR,OR51B2
SurfaceomeGPCR,OR52P1P
SurfaceomeGPCR,OR52A4P
Surfaceome,PDGFC
Surfaceome,SCUBE1
Surfaceome,RTN4RL1
Surfaceome,GFRA4
SurfaceomeCadherin,PCDHB18P
Surfaceome,OR51G1
Surfaceome,GNAI2
Surfaceome,LRRC8A
Surfaceome,GNAS
SurfaceomeEnzyme,HM13
Surfaceome,HSP90AA1
Surfaceome,HSP90AB1
SurfaceomeTumor necrosis factor receptor superfamily,TNFRSF10B
SurfaceomeEnzyme,ASPH
Surfaceome,TMEM2
Surfaceome,TMEM206
Surfaceome,LMAN2
Surfaceome,SNAP23
Surfaceome,MAGT1
Surfaceome,CTNND1
Surfaceome,DYSF
Surfaceome,MYO1C
SurfaceomeTransporter,SLC2A14
SurfaceomeTransporter,ABCB6
SurfaceomeCTLDs II Type 2 receptor,COLEC12
Surfaceome,PLXDC2
SurfaceomeTransporter,SLC43A3
Surfaceome,LRPAP1
SurfaceomeGPCR,P2RY12
SurfaceomeGPCR,PTGER4
Surfaceome,AP2M1
Surfaceome,DSP
Surfaceome,RGMB
Surfaceome,LIMA1
SurfaceomeGPCR,CALCR
SurfaceomeIonChannel,TRPM2
Surfaceome,LRRC15
SurfaceomeEnzyme,ACPP
Surfaceome,ACTN1
SurfaceomeIonChannel,TRPA1
SurfaceomeT cell co-inhibitor,LILRB4
SurfaceomeB cell co-inhibitorCTLDs V NK receptor,CD72
Surfaceome,IFITM1
SurfaceomeIgSF_CAMT cell co-inhibitor,LILRB2
SurfaceomeEnzyme,ERMP1
Surfaceome,TMEM259
Surfaceome,GPR108
Surfaceome,CTNNB1
SurfaceomeEnzyme,ADA
SurfaceomeKinase,PTK2B
Surfaceome,TJP1
Surfaceome,SCRIB
Surfaceome,DLG1
SurfaceomeGPCR,CRHR1
SurfaceomeKinase,YES1
SurfaceomeEnzyme,RAB13
SurfaceomeGPCR,P2RY14
Surfaceome,LAMTOR1
SurfaceomeGPCR,FFAR1
SurfaceomeEnzyme,CA9
SurfaceomeKinase,MYLK
Surfaceome,COL17A1
SurfaceomeIonChannel,CLCN2
Surfaceome,MAL2
SurfaceomeTransporter,ABCA6
SurfaceomeTransporter,SLC20A1
SurfaceomeEnzyme,ADD1
Surfaceome,TREML2
SurfaceomeFc Receptor,FCRL1
SurfaceomeT cell co-inhibitor,CD300A
SurfaceomeEnzyme,ELFN2
SurfaceomeT cell co-inhibitor,CD300LF
Surfaceome,KIAA1549L
SurfaceomeIonChannel,KCNK10
Surfaceome,TMEM123
SurfaceomeCTLDs XIII IDD,DGCR2
Surfaceome,SERINC5
Surfaceome,MEGF9
Surfaceome,TMEM179B
Surfaceome,TM2D3
Surfaceome,C6orf89
SurfaceomeEnzyme,NAGPA
SurfaceomeIonChannel,PKD2L1
SurfaceomeKinase,LYN
SurfaceomeGPCR,DRD2
SurfaceomeKinase,SRC
SurfaceomeGPCR,P2RY2
Surfaceome,RDX
SurfaceomeGPCR,VIPR2
Surfaceome,LAT
SurfaceomeTransporter,SLC27A1
SurfaceomeGPCR,GPR82
SurfaceomeGPCR,NPY5R
SurfaceomeT cell co-inhibitor,HAVCR2
SurfaceomeTransporter,ABCA3
SurfaceomeKinase,DDR1
SurfaceomeTransporter,SLC1A2
SurfaceomeKinase,HCK
SurfaceomeT cell co-inhibitor,LAG3
SurfaceomeTransporter,SLC16A4
SurfaceomeEnzyme,PSEN2
SurfaceomeKinaseT cell co-stimulator,EPHB6
SurfaceomeToll like receptor,TLR10
Surfaceome,LY6E
SurfaceomeEnzyme,SGMS2
Surfaceome,TMEM154
SurfaceomeIL-2 receptor family,IL15RA
SurfaceomeIonChannel,CACNG2
SurfaceomeCTLDs VIII Type 1 receptor,LAYN
Surfaceome,RAMP1
SurfaceomeEnzyme,MMP15
SurfaceomeIonChannel,GABRG2
SurfaceomeEnzyme,ADAM23
SurfaceomeEnzyme,ENTPD2
Surfaceome,LRIG2
SurfaceomeTransporter,ABCC10
Surfaceome,VSIG4
Surfaceome,EVC2
SurfaceomeEnzyme,LCT
SurfaceomeEnzyme,DPEP2
SurfaceomeTransporter,SLC7A9
Surfaceome,KIRREL2
Surfaceome,TMEM119
SurfaceomeTransporter,ATP8A2
Surfaceome,SUSD3
Surfaceome,SSPN
SurfaceomeKinase,LMTK2
Surfaceome,CD300C
Surfaceome,SECTM1
Surfaceome,LRRC8B
SurfaceomeIonChannel,KCNK17
SurfaceomeCTLDs II Type 2 receptor,CLEC4A
SurfaceomeTransporter,SLC23A3
Surfaceome,TMEM219
Surfaceome,MANSC1
Surfaceome,CNTNAP3
Surfaceome,LYSMD3
Surfaceome,LRRC8E
SurfaceomeCadherin,PCDHA2
SurfaceomeEnzyme,MARCKS
SurfaceomeGPCR,PTGER1
SurfaceomeKinase,FYN
SurfaceomeGPCR,MC2R
SurfaceomeGPCR,ADGRV1
Surfaceome,NRG3
SurfaceomeGPCR,FPR2
SurfaceomeIonChannel,BEST1
SurfaceomeGPCR,FZD3
SurfaceomeGPCR,AVPR2
SurfaceomeGPCR,GPR37
SurfaceomeGPCR,GPR87
Surfaceome,DISP2
SurfaceomeGPCR,PTH2R
SurfaceomeNK cell co-inhibitor,KIR2DL4
SurfaceomeGPCR,GPR146
SurfaceomeGPCR,ADRA2B
Surfaceome,ANK2
Surfaceome,SYTL2
SurfaceomeGPCR,LPAR2
SurfaceomeIL-6 receptor family,IL11RA
Surfaceome,PTCHD4
SurfaceomeGPCR,GPR153
Surfaceome,CYTH1
SurfaceomeGPCR,SCTR
SurfaceomeGPCR,GPR19
SurfaceomeGPCR,PRLHR
SurfaceomeGPCR,GPR161
SurfaceomeGPCR,TAS2R14
SurfaceomeGPCR,GPR141
Surfaceome,MPP5
SurfaceomeGPCR,VN1R1
SurfaceomeGPCR,OPN1SW
SurfaceomeGPCR,GPR88
SurfaceomeGPCR,GPR83
SurfaceomeGPCR,OPN3
SurfaceomeGPCR,GPR75
SurfaceomeGPCR,ADGRG5
SurfaceomeEnzyme,PLBD2
SurfaceomeGPCR,NTSR2
SurfaceomeEnzyme,IYD
SurfaceomeGPCR,ADGRG3
SurfaceomeGPCR,FPR3
Surfaceome,ORAI3
SurfaceomeGPCR,HCAR1
SurfaceomeGPCR,TAS2R46
SurfaceomeEnzyme,SSH1
SurfaceomeGPCR,OPRM1
SurfaceomeGPCR,ADGRG7
Surfaceome,UMODL1
Surfaceome,SVIL
SurfaceomeGPCR,OR10R2
Surfaceome,PKP4
Surfaceome,PRTG
SurfaceomeGPCR,TAS2R4
SurfaceomeGPCR,OR2A7
SurfaceomeGPCR,MC5R
SurfaceomeGPCR,OPN4
SurfaceomeGPCR,MRGPRD
SurfaceomeGPCR,OR7A17
SurfaceomeGPCR,GPR182
SurfaceomeGPCR,OR10K2
SurfaceomeGPCR,RRH
SurfaceomeGPCR,OR2B11
SurfaceomeGPCR,OR10K1
SurfaceomeGPCR,GPR32
SurfaceomeGPCR,OR8D4
SurfaceomeGPCR,GPR12
SurfaceomeGPCR,OR2L3
SurfaceomeGPCR,TAAR2
SurfaceomeGPCR,OR2L13
SurfaceomeGPCR,CRHR2
SurfaceomeGPCR,FFAR3
SurfaceomeGPCR,OR4N2
SurfaceomeGPCR,NPY4R
SurfaceomeGPCR,GPR78
SurfaceomeGPCR,OR4K17
SurfaceomeGPCR,ADGRG4
SurfaceomeGPCR,MRGPRX2
SurfaceomeGPCR,GPR26
SurfaceomeGPCR,OR11H1
SurfaceomeGPCR,OR2H1
SurfaceomeGPCR,OR2K2
SurfaceomeGPCR,OR4K1
SurfaceomeGPCR,TAAR6
SurfaceomeGPCR,GPR152
SurfaceomeGPCR,OR10T2
SurfaceomeGPCR,MRGPRE
SurfaceomeGPCR,OR2T33
SurfaceomeGPCR,OR6N1
SurfaceomeGPCR,OR13J1
SurfaceomeGPCR,OR4F4
SurfaceomeGPCR,OR2W1
SurfaceomeGPCR,OR3A1
SurfaceomeGPCR,OR1C1
SurfaceomeGPCR,OR2T10
SurfaceomeGPCR,OR2M4
SurfaceomeGPCR,ADGRD2
SurfaceomeGPCR,OR4N5
SurfaceomeGPCR,OR1M1
SurfaceomeGPCR,OR10AG1
SurfaceomeGPCR,OR8D1
SurfaceomeGPCR,OR7D4
SurfaceomeGPCR,OR13G1
SurfaceomeGPCR,OR10AD1
SurfaceomeGPCR,OR10J1
SurfaceomeGPCR,OR13C5
SurfaceomeGPCR,TAS2R16
SurfaceomeGPCR,OR2T6
SurfaceomeGPCR,OR2L2
SurfaceomeGPCR,OR10Q1
SurfaceomeGPCR,VN1R4
SurfaceomeGPCR,OR11H6
SurfaceomeGPCR,TAAR5
SurfaceomeGPCR,OR10J3
SurfaceomeGPCR,OR14C36
SurfaceomeGPCR,OPN1LW
SurfaceomeGPCR,OR10Z1
SurfaceomeGPCR,OR5H6
SurfaceomeGPCR,OR7G1
SurfaceomeGPCR,OR5H2
SurfaceomeGPCR,GPR6
SurfaceomeGPCR,OR2AJ1
SurfaceomeGPCR,OR4F17
SurfaceomeGPCR,OR4K2
SurfaceomeGPCR,OR10W1
SurfaceomeGPCR,OR10A4
SurfaceomeGPCR,OR4K14
SurfaceomeGPCR,OR11G2
SurfaceomeGPCR,OR5H14
SurfaceomeGPCR,OR11H12
SurfaceomeGPCR,OR2T34
SurfaceomeGPCR,OR10G4
SurfaceomeGPCR,OR4M2
SurfaceomeGPCR,OR4K15
SurfaceomeGPCR,OR2Y1
SurfaceomeGPCR,OR2D2
SurfaceomeGPCR,OR2T3
SurfaceomeGPCR,OR4D1
SurfaceomeGPCR,OR4L1
SurfaceomeGPCR,OR5AU1
SurfaceomeGPCR,OR5M1
SurfaceomeGPCR,OR2F2
SurfaceomeGPCR,OR14A2
SurfaceomeGPCR,OR5W2
SurfaceomeGPCR,OR4F21
SurfaceomeGPCR,OR10D3
SurfaceomeGPCR,OR4S1
SurfaceomeGPCR,OR1A2
SurfaceomeGPCR,OR8B12
SurfaceomeGPCR,OR1A1
SurfaceomeGPCR,OR4A16
SurfaceomeGPCR,OR4K5
SurfaceomeGPCR,OR4C12
SurfaceomeGPCR,OR5AC2
SurfaceomeGPCR,OR1K1
SurfaceomeGPCR,OR5K4
SurfaceomeGPCR,OR5B2
SurfaceomeGPCR,OR13C2
SurfaceomeGPCR,OR4P4
SurfaceomeGPCR,OR8G1
SurfaceomeGPCR,OR4K13
SurfaceomeGPCR,OR2A14
SurfaceomeGPCR,OR13C9
SurfaceomeGPCR,OR4B1
SurfaceomeGPCR,OR9K2
SurfaceomeGPCR,OR4A5
SurfaceomeGPCR,OR4D6
SurfaceomeGPCR,OR4F5
SurfaceomeGPCR,OR5A2
SurfaceomeGPCR,OR2A5
SurfaceomeGPCR,OR4F6
SurfaceomeGPCR,OR2A25
SurfaceomeGPCR,OR2A2
SurfaceomeGPCR,OR2A12
SurfaceomeGPCR,OR6Q1
SurfaceomeGPCR,OR2AG1
SurfaceomeGPCR,OR8B4
SurfaceomeTNF,FASLG
SurfaceomeProlactin receptor family,PRLR
SurfaceomeEnzyme,KL
SurfaceomeEnzyme,HAS2
SurfaceomeEnzyme,BACE2
Surfaceome,TREM1
SurfaceomeIonChannel,MLC1
Surfaceome,DLL4
SurfaceomeTransporter,SLC18A2
SurfaceomeIonChannel,KCNK5
SurfaceomeIonChannel,KCNMB2
SurfaceomeT cell co-stimulator,ICOS
SurfaceomeTransporter,SLC3A1
SurfaceomeIonChannel,CACNA1D
SurfaceomeMucin,MUC12
SurfaceomeEnzyme,SERPINA5
Surfaceome,UPK2
SurfaceomeIonChannel,KCNJ10
SurfaceomeEnzyme,PHEX
SurfaceomeTransporter,ABCB5
SurfaceomeIonChannel,KCNMB1
SurfaceomeEnzyme,ATP7B
Surfaceome,LRRN4
Surfaceome,MFSD4
SurfaceomeTumor necrosis factor receptor superfamilyT cell co-stimulator,RELT
SurfaceomeEnzyme,PTPRT
SurfaceomeTetraspanin,UPK1A
SurfaceomeNK cell co-stimulator,ULBP1
SurfaceomeTransporter,SLC17A7
SurfaceomeKinase,LTK
SurfaceomeIgSF_CAM,GP6
SurfaceomeEnzyme,PTPRH
SurfaceomeTransporter,SLC7A7
SurfaceomeT cell co-stimulatorCTLDs V NK receptor,CLEC7A
SurfaceomeTransporter,SLC47A1
SurfaceomeTransporter,SLC5A8
Surfaceome,KIRREL3
SurfaceomeMucin,MUC15
Surfaceome,FAIM2
SurfaceomeTransporter,ABCA4
SurfaceomeIonChannel,SCN3B
SurfaceomeTetraspanin,TSPAN7
SurfaceomeTransporter,SLC22A18
SurfaceomeEnzyme,PTPRO
Surfaceome,IGSF9
Surfaceome,HLA-DOA
Surfaceome,SYT8
Surfaceome,CSMD3
Surfaceome,CSMD2
SurfaceomeEnzyme,TMPRSS9
SurfaceomeIonChannel,TRPM1
Surfaceome,TMEM27
SurfaceomeTransporter,SLC13A5
SurfaceomeEnzyme,RHBDL2
SurfaceomeKinase,INSRR
Surfaceome,GRAMD1B
SurfaceomeEnzyme,TMPRSS11E
SurfaceomeCadherin,CDHR1
SurfaceomeCTLDs II Type 2 receptor,CLEC4M
SurfaceomeIonChannel,KCNC4
Surfaceome,NETO1
Surfaceome,TREML1
SurfaceomeIonChannel,P2RX6
SurfaceomeKinase,EPHA8
SurfaceomeIonChannel,CACNA1I
Surfaceome,SUCO
SurfaceomeEnzyme,ADCY4
SurfaceomeTransporter,SLC6A12
SurfaceomeCTLDs II Type 2 receptor,ASGR2
SurfaceomeTransporter,SLC5A10
SurfaceomeIonChannel,KCNS3
SurfaceomeTransporter,SLC6A20
SurfaceomeEnzyme,NKAIN1
Surfaceome,PAQR8
Surfaceome,LY6G6C
SurfaceomeTransporter,SLC47A2
Surfaceome,NCMAP
SurfaceomeTumor necrosis factor receptor superfamily,EDAR
Surfaceome,MEGF11
SurfaceomeT cell co-inhibitor,LILRB5
SurfaceomeIonChannel,CACNG7
SurfaceomeNK cell co-stimulator,RAET1E
Surfaceome,PILRB
Surfaceome,TMEM26
Surfaceome,NRG4
Surfaceome,LRRTM3
Surfaceome,GJB7
SurfaceomeEnzyme,GDPD2
SurfaceomeTransporter,SLC5A12
Surfaceome,LRRTM2
SurfaceomeEnzyme,ART4
SurfaceomeEnzyme,SPPL3
Surfaceome,TM4SF20
SurfaceomeCadherin,CDH22
SurfaceomeTransporter,SLC5A4
Surfaceome,UMOD
SurfaceomeTransporter,SLC5A9
SurfaceomeIonChannel,CACNA1S
Surfaceome,CD300LB
SurfaceomeTransporter,SLC10A5
Surfaceome,LRRTM4
SurfaceomeIonChannel,KCND1
SurfaceomeTransporter,SLC28A2
Surfaceome,CD300LG
Surfaceome,FLVCR2
SurfaceomeTransporter,SLC46A3
SurfaceomeTransporter,SLC17A4
SurfaceomeIL-17 receptor family,IL17RC
Surfaceome,TMEM204
SurfaceomeFc Receptor,FCRL4
SurfaceomeTransporter,SLC16A6
SurfaceomeTransporter,ABCA9
SurfaceomeNK cell co-stimulator/co-inhibitorCTLDs V NK receptor,KLRD1
SurfaceomeKinaseTGF-beta receptor family,ACVR1C
SurfaceomeIonChannel,KCNMB3
SurfaceomeIgSF_CAM,LRFN3
SurfaceomeTransporter,SLC12A1
SurfaceomeIonChannel,CACNG1
SurfaceomeTransporter,SLC14A2
SurfaceomeTransporter,SLC5A2
SurfaceomeCTLDs V NK receptor,CLEC12B
SurfaceomeTransporter,SLC6A7
Surfaceome,USH2A
Surfaceome,PIGW
Surfaceome,ZP1
SurfaceomeIonChannel,KCNA10
SurfaceomeIonChannel,KCNA7
SurfaceomeIonChannel,CACNA1F
SurfaceomeNK cell co-stimulator/co-inhibitor,NCR2
SurfaceomeIonChannel,KCNG2
Surfaceome,ZP2
SurfaceomeIonChannelCTLDs X Polycystin family,PKD1L3
SurfaceomeIonChannel,TRPM5
Surfaceome,GYPB
SurfaceomeIonChannel,ASIC5
SurfaceomeIntegrin,ITGAD
SurfaceomeCadherin,PCDHA7
Surfaceome,IZUMO3
Surfaceome,CLDN24
SurfaceomeCadherin,PCDHA8
Surfaceome,TMIGD1
SurfaceomeCadherin,PCDHA5
SurfaceomeEnzyme,ASAH2
Surfaceome,KREMEN1
SurfaceomeTransporter,SLC34A3
SurfaceomeTransporter,SLC22A13
SurfaceomeIonChannel,CHRNA10
SurfaceomeTransporter,SLC36A2
SurfaceomeEnzyme,TMPRSS11B
SurfaceomeCadherin,PCDHA9
Surfaceome,TARM1
SurfaceomeGPCR,OR10A2
SurfaceomeTransporter,SLC6A18
SurfaceomeCadherin,DCHS2
SurfaceomeEnzyme,TMPRSS7
SurfaceomeTransporter,ATP1B4
SurfaceomeEnzyme,SPAM1
SurfaceomeGPCR,OR4D2
SurfaceomeGPCR,OR4A15
SurfaceomeCadherin,PCDHA13
Surfaceome,GAP43
SurfaceomeEnzyme,CTSG
Surfaceome,NF2
Surfaceome,FGF10
SurfaceomeEnzyme,RHOJ
Surfaceome,NPDC1
Surfaceome,PRND
Surfaceome,CDC42SE1
SurfaceomeEnzyme,AOC1
SurfaceomeEnzyme,RAB23
SurfaceomeEnzyme,B3GNT3
SurfaceomeIonChannel,ASIC3
Surfaceome,FAM126A
Surfaceome,HMCN1
SurfaceomeT cell co-inhibitor,CD160
SurfaceomeEnzyme,ADD2
Surfaceome,CEACAM7
Surfaceome,LYPD5
SurfaceomeEnzyme,ADD3
Surfaceome,LILRA2
SurfaceomeEnzyme,AKAP11
SurfaceomeEnzyme,SKAP1
SurfaceomeFc Receptor,FCGR2C
Surfaceome,CD177
Surfaceome,EFNA2
SurfaceomeIgSF_CAM,CNTN4
Surfaceome,GLDN
SurfaceomeIgSF_CAM,CNTN6
SurfaceomeGPCR,OR2I1P
SurfaceomeGPCR,OR10J6P
Surfaceome,PLET1
SurfaceomeGPCR,AC005255.6
SurfaceomeGPCR,OR5AR1
SurfaceomeGPCR,OR10AC1
SurfaceomeGPCR,TAAR3
SurfaceomeGPCR,OR5AK3P
SurfaceomeGPCR,OR10D4P
SurfaceomeGPCR,OR1E3
SurfaceomeGPCR,OR14L1P
SurfaceomeGPCR,OR2J1
SurfaceomeGPCR,OR1F12
SurfaceomeGPCR,OR4E1
SurfaceomeGPCR,OR8D2
Surfaceome,OR52R1
SurfaceomeGPCR,OR2T11
Surfaceome,OR5L1
SurfaceomeGPCR,OR51F1
SurfaceomeGPCR,OR56B2P
SurfaceomeGPCR,OR4Q2
SurfaceomeGPCR,OR5G3
SurfaceomeGPCR,OR4A4P
SurfaceomeGPCR,GPR32P1
SurfaceomeGPCR,OR5AL1
SurfaceomeGPCR,OR52E1
Surfaceome,MAPT
SurfaceomeEnzyme,ARL4C
Surfaceome,ANXA13
Surfaceome,AMER1
Surfaceome,NKTR
Surfaceome,SCUBE3
SurfaceomeIonChannel,CLCA1
Surfaceome,STAMBP
Surfaceome,TRGC2
Surfaceome,CTC-360G5.9
Surfaceome,CTD-2270P14.1
Surfaceome,IGHV4-34
SurfaceomeGPCR,OR1F2P
Surfaceome,ESYT2
SurfaceomeEnzyme,ZDHHC20
Surfaceome,MYADM
SurfaceomeEnzyme,RAB5C
Surfaceome,STOM
Surfaceome,CD99L2
Surfaceome,EEF1A1
SurfaceomeEnzyme,RHOC
SurfaceomeEnzyme,IQGAP1
Surfaceome,EZR
Surfaceome,TMED10
SurfaceomeTransporter,ATP13A1
Surfaceome,TM9SF2
Surfaceome,TLN1
Surfaceome,RPSA
Surfaceome,MSN
Surfaceome,CTNNA1
Surfaceome,EHD1
Surfaceome,MACF1
SurfaceomeEnzyme,RAB11A
SurfaceomeKinase,CAMK2D
Surfaceome,NOMO3
SurfaceomeTumor necrosis factor receptor superfamily,TNFRSF10A
SurfaceomeKinase,PRKCA
SurfaceomeIonChannel,ITPR1
SurfaceomeEnzyme,SPINT1
Surfaceome,CLPTM1L
SurfaceomeEnzyme,STEAP3
SurfaceomeTransporter,ATP11C
SurfaceomeTransporter,ATP13A3
Surfaceome,TMED4
Surfaceome,JUP
SurfaceomeEnzyme,RHOA
Surfaceome,S100A6
Surfaceome,C1QBP
Surfaceome,KRT1
Surfaceome,EPB41L2
Surfaceome,BASP1
Surfaceome,NRXN3
SurfaceomeIonChannel,KCNN4
SurfaceomeT cell co-inhibitor,CYBA
Surfaceome,ADIPOR1
Surfaceome,SYMPK
SurfaceomeTransporter,ATP8A1
Surfaceome,GLIPR1
SurfaceomeEnzyme,CDIPT
SurfaceomeIonChannel,KCNK1
Surfaceome,EFR3A
SurfaceomeTransporter,SLC9A9
Surfaceome,SERINC3
Surfaceome,UNC93B1
Surfaceome,YIPF3
SurfaceomeEnzyme,IMPAD1
Surfaceome,LRRC8D
Surfaceome,EHD2
SurfaceomeKinase,PI4KA
Surfaceome,EPB41L3
Surfaceome,HLA-DMA
SurfaceomeEnzyme,PTRF
SurfaceomeEnzyme,RAB3B
Surfaceome,RP2
Surfaceome,ERBB2IP
SurfaceomeEnzyme,RAB8A
Surfaceome,XPR1
SurfaceomeTumor necrosis factor receptor superfamilyB cell co-stimulator,TNFRSF13C
SurfaceomeEnzyme,CANT1
SurfaceomeIonChannel,CACNA1B
Surfaceome,ANKH
Surfaceome,MCTP2
Surfaceome,FLOT1
Surfaceome,GRAMD1A
SurfaceomeGPCR,GPR107
Surfaceome,AQP10
SurfaceomeEnzyme,RHOB
SurfaceomeEnzyme,OGT
Surfaceome,VASP
Surfaceome,S100A9
SurfaceomeEnzyme,ARF1
SurfaceomeGPCR,FPR1
Surfaceome,UTRN
SurfaceomeKinase,MARK2
SurfaceomeTransporter,ABCC9
SurfaceomeTransporter,SLC9A3R1
Surfaceome,PKP2
SurfaceomeGPCR,MC4R
SurfaceomeTransporter,SLC9A3R2
SurfaceomeEnzyme,PACSIN2
Surfaceome,IGHG1
Surfaceome,PAG1
SurfaceomeKinase,PAK1
SurfaceomeTumor necrosis factor receptor superfamily,TNFRSF19
SurfaceomeTransporter,SLC22A3
SurfaceomeTNFT cell co-stimulator,LTB
Surfaceome,DYNC2H1
SurfaceomeTransporter,SLC4A11
Surfaceome,LINGO2
Surfaceome,TJP2
SurfaceomeEnzyme,MGAT5B
Surfaceome,C19orf26
SurfaceomeKinase,POMK
SurfaceomeTransporter,SLC2A10
SurfaceomeTetraspanin,UPK1B
SurfaceomeTransporter,SLC38A7
SurfaceomeTNFT cell co-stimulator,TNFSF8
SurfaceomeIonChannel,CLCN5
SurfaceomeIonChannel,KCNQ5
SurfaceomeEnzyme,CHST3
SurfaceomeTetraspanin,TSPAN17
Surfaceome,TMEM97
Surfaceome,LRIG3
Surfaceome,LYPD6B
SurfaceomeT cell co-inhibitor,BTN2A2
SurfaceomeIgSF_CAM,LRFN2
SurfaceomeIonChannel,TRPC4
SurfaceomeTransporter,ATP10D
SurfaceomeTransporter,SLC7A10
SurfaceomeTransporter,SLC26A11
SurfaceomeTransporter,SLC43A2
SurfaceomeKinase,ETNK1
SurfaceomeIonChannel,PKD1L1
Surfaceome,EFCAB14
SurfaceomeIonChannel,KCNE2
SurfaceomeIonChannel,KCNU1
SurfaceomeTransporter,SLC2A7
Surfaceome,FADD
SurfaceomeEnzyme,TPO
SurfaceomeEnzyme,PRSS21
Surfaceome,MFSD12
SurfaceomeGPCR,ADORA3
Surfaceome,EXOC1
SurfaceomeKinase,CAMK2A
SurfaceomeEnzyme,HSD17B7
Surfaceome,TMEM184A
SurfaceomeEnzyme,MTM1
Surfaceome,ITSN1
SurfaceomeGPCR,RGR
SurfaceomeGPCR,PTGDR
Surfaceome,CIB1
SurfaceomeGPCR,GPR34
SurfaceomeTransporter,SLC13A2
SurfaceomeGPCR,GPR162
SurfaceomeEnzyme,PSENEN
SurfaceomeGPCR,ADGRF4
SurfaceomeEnzyme,EPS8L2
Surfaceome,SNX9
Surfaceome,VNN3
Surfaceome,ARAP1
Surfaceome,DPCR1
SurfaceomeEnzyme,PACSIN3
SurfaceomeGPCR,GPR22
Surfaceome,IGHA1
SurfaceomeGPCR,OR1D2
SurfaceomeGPCR,GPR31
SurfaceomeGPCR,OPN5
Surfaceome,CD200R1L
SurfaceomeGPCR,OR11H2
SurfaceomeGPCR,GPR42
Surfaceome,SPACA1
SurfaceomeGPCR,OR5AN1
SurfaceomeGPCR,OR2S2
Surfaceome,CD3E
SurfaceomeTNF,TNF
Surfaceome,STX1A
SurfaceomeTumor necrosis factor receptor superfamilyT cell co-stimulator,TNFRSF4
SurfaceomeTransporter,ABCG1
SurfaceomeTNF,EDA
SurfaceomeIonChannel,KCNQ1
Surfaceome,PMP22
Surfaceome,DCC
SurfaceomeTransporter,SLC22A2
SurfaceomeIonChannel,KCNQ2
SurfaceomeTransporter,SLC5A5
Surfaceome,FNDC4
SurfaceomeIonChannel,CACNA1G
SurfaceomeTransporter,SLC10A4
SurfaceomeTransporter,SLC2A2
Surfaceome,AQP9
SurfaceomeIgSF_CAM,LRRC4
SurfaceomeTransporter,SLC39A1
Surfaceome,GP2
SurfaceomeTNFT cell co-stimulator,TNFSF15
SurfaceomeKinase,CDK16
Surfaceome,PRRT2
Surfaceome,HEPHL1
SurfaceomeTransporter,ATP8B3
SurfaceomeTransporter,SLC18A1
Surfaceome,ADAP1
SurfaceomeIonChannel,KCNQ4
SurfaceomeIonChannel,KCNQ3
Surfaceome,PTCH2
SurfaceomeEnzyme,ADAM11
SurfaceomeIonChannel,KCNB1
Surfaceome,RHBG
SurfaceomeTransporter,SLC6A17
SurfaceomeIonChannel,KCNJ2
Surfaceome,IGSF6
SurfaceomeIonChannel,KCNJ14
SurfaceomeEnzyme,TPSG1
Surfaceome,NRROS
Surfaceome,SIRPB2
SurfaceomeIgSF_CAM,LRRC4C
SurfaceomeEnzyme,MMP24
SurfaceomeIgSF_CAMNK cell co-stimulator,CRTAM
SurfaceomeEnzyme,ECEL1
SurfaceomeIgSF_CAM,VSIG2
Surfaceome,GSG1L
SurfaceomeIonChannel,SCN1A
Surfaceome,UPK3A
SurfaceomeTransporter,SLC24A3
Surfaceome,EPGN
Surfaceome,CNTNAP4
SurfaceomeIL-10 receptor family,IL20RB
SurfaceomeIonChannel,LRRC55
Surfaceome,LY6H
SurfaceomeEnzyme,RNF128
Surfaceome,SLITRK1
Surfaceome,MEP1A
SurfaceomeTransporter,SLC9A2
SurfaceomeTransporter,SLC1A6
SurfaceomeTransporter,SLC16A9
SurfaceomeTransporter,SLC5A11
Surfaceome,IGSF9B
Surfaceome,SMAGP
Surfaceome,MDGA2
Surfaceome,ITPRIP
Surfaceome,BTNL3
Surfaceome,C1orf210
Surfaceome,MMD
Surfaceome,SHISA6
SurfaceomeTransporter,SLC8A2
SurfaceomeIonChannel,KCNK12
SurfaceomeIonChannel,FAM26E
SurfaceomeT cell co-inhibitor,BTNL9
SurfaceomeTransporter,SLC10A1
Surfaceome,TULP3
SurfaceomeTransporter,SLC31A2
Surfaceome,AQP8
SurfaceomeIonChannel,TMEM63C
SurfaceomeCTLDs VIII Type 1 receptor,CHODL
Surfaceome,CECR6
SurfaceomeIL-17 receptor family,IL17RE
Surfaceome,PRRT4
SurfaceomeTetraspanin,TSPAN11
Surfaceome,LHFPL4
Surfaceome,SCAMP5
SurfaceomeTransporter,SLC46A2
SurfaceomeTransporter,SLC9B2
SurfaceomeEnzyme,ZDHHC11
Surfaceome,NFAM1
SurfaceomeEnzyme,LPPR4
Surfaceome,MRAP2
Surfaceome,SHISA7
SurfaceomeTransporter,SLC6A16
SurfaceomeTransporter,SLC35G2
Surfaceome,CALN1
SurfaceomeKinaseTGF-beta receptor family,AMHR2
SurfaceomeCTLDs II Type 2 receptor,CLEC4G
Surfaceome,SYNPR
SurfaceomeEnzyme,ZDHHC4
Surfaceome,C14orf37
SurfaceomeEnzyme,ZDHHC11B
Surfaceome,ERVW-1
Surfaceome,ISLR2
SurfaceomeEnzyme,POMT2
Surfaceome,CEACAM4
Surfaceome,ERVFRD-1
Surfaceome,PAQR9
SurfaceomeIL-10 receptor family,IL20RA
Surfaceome,ANO4
SurfaceomeEnzyme,ART3
Surfaceome,VSTM5
SurfaceomeIonChannel,KCNJ1
Surfaceome,THSD7B
SurfaceomeTransporter,SLC22A9
SurfaceomeCadherin,CDHR4
SurfaceomeIonChannel,KCNH3
Surfaceome,STOML3
Surfaceome,TECTA
SurfaceomeIonChannel,KCNJ6
SurfaceomeEnzyme,ADAM2
SurfaceomeTransporter,SLC1A7
SurfaceomeEnzyme,ZNRF3
Surfaceome,EQTN
Surfaceome,CEACAM20
Surfaceome,SV2C
SurfaceomeEnzyme,NKAIN3
SurfaceomeTransporter,SLC32A1
Surfaceome,XKR3
SurfaceomeIgSF_CAM,CNTN5
SurfaceomeTransporter,SLC13A4
Surfaceome,LHFPL5
Surfaceome,CATSPERD
SurfaceomeIonChannel,CACNG5
SurfaceomeTransporter,SLC17A6
SurfaceomeEnzyme,ADAM29
SurfaceomeIgSF_CAM,IZUMO1
SurfaceomeTransporter,SLC22A14
Surfaceome,OTOP2
Surfaceome,ANO3
SurfaceomeKinase,EPHA6
Surfaceome,TRDN
SurfaceomeTransporter,SLC17A8
SurfaceomeIonChannel,TMC2
Surfaceome,RP11-477N12.3
Surfaceome,OTOP3
SurfaceomeTetraspanin,TSPAN19
SurfaceomeIonChannel,FAM26D
Surfaceome,SCART1
SurfaceomeKinase,SPHK1
SurfaceomeKinaseNK cell co-stimulator,SYK
SurfaceomeEnzyme,LPL
Surfaceome,PARD3
SurfaceomeEnzyme,RAB25
SurfaceomeKinase,PIK3CG
Surfaceome,LYPD1
Surfaceome,ANOS1
Surfaceome,RASGRP1
Surfaceome,LSP1
Surfaceome,APBB1
Surfaceome,CNNM1
Surfaceome,PALM
Surfaceome,CGN
Surfaceome,LY96
Surfaceome,ROBO3
SurfaceomeKinase,PIP5K1A
Surfaceome,NCS1
Surfaceome,FCHSD2
Surfaceome,EHD3
Surfaceome,TTC7B
SurfaceomeIonChannel,ASIC4
Surfaceome,CYTH2
Surfaceome,BTN2A3P
Surfaceome,IGHG2
SurfaceomeEnzyme,ART1
Surfaceome,WDR13
SurfaceomeEnzyme,LVRN
Surfaceome,TECTB
Surfaceome,TEX101
Surfaceome,GAB2
SurfaceomeKinase,GRK5
SurfaceomeEnzyme,NOS1
Surfaceome,RIMS2
Surfaceome,CPAMD8
SurfaceomeIgSF_CAM,IGSF5
Surfaceome,LYPD8
SurfaceomeEnzyme,LIPH
SurfaceomeEnzyme,RASA4B
SurfaceomeGPCR,OR2W6P
SurfaceomeGPCR,OR4X2
SurfaceomeGPCR,OR3A4P
SurfaceomeGPCR,OR8G2P
SurfaceomeGPCR,OR2F1
SurfaceomeGPCR,OR1D4
SurfaceomeGPCR,OR4C45
SurfaceomeGPCR,OR1P1
Surfaceome,OR10X1
Surfaceome,OR4C16
SurfaceomeGPCR,OR5R1
SurfaceomeGPCR,OR1B1
Surfaceome,OR1S1
SurfaceomeGPCR,OR4K3
SurfaceomeGPCR,VN1R3
SurfaceomeGPCR,OR2B8P
SurfaceomeGPCR,OR5AC1
SurfaceomeGPCR,OR4A8
SurfaceomeGPCR,OR9A1P
SurfaceomeGPCR,OR10J4
Surfaceome,OR2L8
Surfaceome,OR5D13
Surfaceome,ITLN1
Surfaceome,CFLAR
SurfaceomeEnzyme,GZMA
Surfaceome,KANK1
SurfaceomeKinase,TEC
SurfaceomeEnzyme,DUSP15
SurfaceomeEnzyme,PTPN4
SurfaceomeKinase,FGR
SurfaceomeEnzyme,PDE4A
Surfaceome,DLG2
Surfaceome,AMOT
Surfaceome,TJP3
SurfaceomeEnzyme,PPP1R16B
Surfaceome,OSCP1
Surfaceome,PARD6A
SurfaceomeEnzyme,XPNPEP2
Surfaceome,SPRN
SurfaceomeEnzyme,ENPP7
Surfaceome,PARD6G
SurfaceomeEnzyme,RND1
Surfaceome,GIF
Surfaceome,RAPSN
Surfaceome,GML
Surfaceome,TRBV12-3
Surfaceome,LYPD2
Surfaceome,CFC1
SurfaceomeEnzyme,TCAF2
Surfaceome,TCHP
SurfaceomeEnzyme,CPO
Surfaceome,IGKV1D-39
Surfaceome,TRAV19
Surfaceome,LYPD4
Surfaceome,IGKV5-2
Surfaceome,IGLV1-51
Surfaceome,IGHG4
Surfaceome,OTOG
SurfaceomeEnzyme,PRSS41
Surfaceome,BTNL10
Surfaceome,TMEM30C
Surfaceome,TM9SF4
Surfaceome,CD99
Surfaceome,GNB1
Surfaceome,PGRMC2
Surfaceome,CALR
SurfaceomeEnzyme,STT3A
Surfaceome,BCAP31
Surfaceome,VAPA
Surfaceome,GLG1
Surfaceome,ESYT1
SurfaceomeEnzyme,RAC1
Surfaceome,CLTC
Surfaceome,KIAA1524
Surfaceome,CKAP4
Surfaceome,GNAI3
SurfaceomeEnzyme,CDC42
Surfaceome,VAMP8
SurfaceomeEnzyme,LMF2
Surfaceome,B2M
SurfaceomeEnzyme,P4HB
Surfaceome,MAP4
Surfaceome,DNM2
Surfaceome,NUP210
Surfaceome,AHNAK
Surfaceome,DIAPH1
Surfaceome,CAV1
SurfaceomeEnzyme,B4GALT1
SurfaceomeEnzyme,IKBIP
Surfaceome,MFSD1
Surfaceome,VAMP7
SurfaceomeIonChannel,HCN1
Surfaceome,TMED1
Surfaceome,LCP1
SurfaceomeEnzyme,ARF6
SurfaceomeIonChannel,CLIC4
Surfaceome,CAPNS1
Surfaceome,GNAI1
SurfaceomeEnzyme,RAB35
SurfaceomeKinase,PI4K2A
Surfaceome,HLA-DQB1
SurfaceomeKinase,CAMK2G
Surfaceome,EPB41
Surfaceome,IFITM2
SurfaceomeTransporter,ATP11A
Surfaceome,GPR180
Surfaceome,STX6
Surfaceome,SCAMP4
SurfaceomeEnzyme,HS2ST1
Surfaceome,TAPBPL
SurfaceomeEnzyme,RAC3
Surfaceome,SDCBP
Surfaceome,AP2S1
Surfaceome,PICALM
Surfaceome,MYO6
Surfaceome,NOMO1
Surfaceome,APBB1IP
Surfaceome,TRIP6
SurfaceomeIonChannel,TPCN1
Surfaceome,CCNY
SurfaceomeTransporter,SLC7A11
Surfaceome,CAV2
SurfaceomeTransporter,ATP8B1
SurfaceomeEnzyme,NEDD4
Surfaceome,PDLIM5
SurfaceomeTransporter,ABCG8
Surfaceome,SYNE2
Surfaceome,NRXN2
Surfaceome,JPH2
SurfaceomeTransporter,ATP12A
SurfaceomeEnzyme,GGCX
Surfaceome,CNST
SurfaceomeTransporter,SLC44A3
Surfaceome,TMEM132C
Surfaceome,EVA1A
Surfaceome,TMEM156
SurfaceomeIonChannel,MCOLN3
Surfaceome,C1orf27
Surfaceome,LHFPL2
Surfaceome,MMGT1
Surfaceome,STX3
SurfaceomeEnzyme,PIGB
Surfaceome,TM2D1
Surfaceome,SCAMP1
SurfaceomeEnzyme,MGST2
SurfaceomeEnzyme,TMEM256-PLSCR3
SurfaceomeKinase,ILK
SurfaceomeEnzyme,RALA
SurfaceomeEnzyme,CAP2
Surfaceome,LPP
SurfaceomeEnzyme,PNPLA2
Surfaceome,NCKAP1
Surfaceome,AHNAK2
Surfaceome,LANCL2
Surfaceome,SMAP1
Surfaceome,UBE2D3
Surfaceome,HOMER3
SurfaceomeGPCR,TAS2R39
Surfaceome,DLL3
SurfaceomeEnzyme,HSD11B1
SurfaceomeIonChannel,RYR1
SurfaceomeEnzyme,CA4
Surfaceome,ASTN2
Surfaceome,TMEM127
Surfaceome,TUSC3
Surfaceome,STX2
SurfaceomeEnzyme,WWP1
SurfaceomeEnzyme,UST
SurfaceomeKinase,MARK3
Surfaceome,SPG11
SurfaceomeEnzyme,PTPRE
Surfaceome,SYT4
SurfaceomeIgSF_CAM,LRFN4
SurfaceomeIonChannel,RYR3
Surfaceome,LRRN4CL
Surfaceome,PCNXL3
SurfaceomeFc Receptor,FCMR
SurfaceomeEnzyme,NAALAD2
SurfaceomeEnzyme,RASA3
Surfaceome,ABI1
SurfaceomeTransporter,ATP8B2
SurfaceomeTransporter,SLC7A14
Surfaceome,TMEM106A
SurfaceomeIgSF_CAM,ROBO2
Surfaceome,DLK2
SurfaceomeKinase,PKN2
Surfaceome,SUSD6
Surfaceome,LMBR1
SurfaceomeEnzyme,SRD5A3
Surfaceome,INADL
SurfaceomeTransporter,ATP13A2
SurfaceomeFc ReceptorNK cell co-stimulator,FCER1G
SurfaceomeTransporter,SLC18B1
SurfaceomeKinase,PKN1
SurfaceomeKinase,AAK1
SurfaceomeIonChannel,KCNH8
SurfaceomeTransporter,SLC29A3
SurfaceomeTransporter,SLC12A4
SurfaceomeIonChannel,CALHM2
Surfaceome,SEL1L3
Surfaceome,CHIC2
SurfaceomeEnzyme,DPY19L4
SurfaceomeImmunoglobulin-like family of IL-1 receptors,SIGIRR
Surfaceome,TMEM184B
Surfaceome,MFSD6
SurfaceomeEnzyme,POMT1
SurfaceomeGPCR,TPRA1
Surfaceome,TCTN3
SurfaceomeTransporter,SLC30A5
Surfaceome,TMEM184C
Surfaceome,XKR8
Surfaceome,MS4A6A
SurfaceomeTransporter,SLC39A9
SurfaceomeIonChannel,HCN4
SurfaceomeEnzyme,PTPRCAP
SurfaceomeIonChannel,PKDREJ
Surfaceome,C11orf87
Surfaceome,SYT15
Surfaceome,ICOSLG
SurfaceomeKinase,PTK2
Surfaceome,TSG101
Surfaceome,DMD
SurfaceomeT cell co-stimulator/co-inhibitor,HAVCR1
Surfaceome,GNAQ
SurfaceomeKinase,CDK5
SurfaceomeEnzyme,USP8
SurfaceomeCTLDs II Type 2 receptor,CD209
Surfaceome,SDPR
Surfaceome,VPS28
Surfaceome,DAB2IP
Surfaceome,SPNS3
Surfaceome,PREX1
SurfaceomeEnzyme,ALOX15B
Surfaceome,NETO2
Surfaceome,MPP7
SurfaceomeGPCR,GPR135
Surfaceome,EVA1C
SurfaceomeKinase,PIK3C2A
SurfaceomeEnzyme,PLSCR4
Surfaceome,DNAJC9
Surfaceome,SNAP29
SurfaceomeGPCR,ADGRA1
Surfaceome,CSMD1
Surfaceome,SERINC2
Surfaceome,COL13A1
Surfaceome,MPP1
Surfaceome,CEACAM21
Surfaceome,MYO1G
SurfaceomeKinase,CAMK2B
SurfaceomeEnzyme,PRKCDBP
Surfaceome,EXOC7
Surfaceome,LIN7C
Surfaceome,CDC42SE2
SurfaceomeEnzyme,GALNT10
Surfaceome,CDC42EP1
SurfaceomeGPCR,TAS2R19
SurfaceomeEnzyme,B4GALT5
SurfaceomeNK cell co-inhibitorCTLDs V NK receptor,KLRC3
SurfaceomeEnzyme,PLCD3
SurfaceomeGPCR,TAS2R31
SurfaceomeGPCR,TAS2R38
SurfaceomeGPCR,TAS2R30
Surfaceome,PPP1R9B
SurfaceomeGPCR,ADGRF3
Surfaceome,ANKRD13A
Surfaceome,GJA9
Surfaceome,GFY
SurfaceomeGPCR,OR2T5
Surfaceome,LRTM2
SurfaceomeNK cell co-inhibitor,KIR3DL3
Surfaceome,MFRP
SurfaceomeGPCR,TAS2R1
SurfaceomeGPCR,OR5V1
SurfaceomeGPCR,OR2J2
SurfaceomeGPCR,ADGRF2
SurfaceomeGPCR,TAS2R3
SurfaceomeGPCR,TAS2R8
SurfaceomeGPCR,TAS2R50
Surfaceome,LRTM1
SurfaceomeGPCR,OR12D3
SurfaceomeGPCR,TAS2R40
SurfaceomeGPCR,OR14J1
SurfaceomeGPCR,TAS2R9
SurfaceomeGPCR,TAS2R7
Surfaceome,GJE1
SurfaceomeIonChannel,RYR2
SurfaceomeEnzyme,PLA2G2A
SurfaceomeEnzyme,PTPN13
Surfaceome,JPH3
Surfaceome,TMEFF2
SurfaceomeKinase,STYK1
Surfaceome,KREMEN2
SurfaceomeEnzyme,HSD17B2
SurfaceomeIonChannel,CACNA1E
SurfaceomeIonChannel,HCN2
SurfaceomeEnzyme,CA14
SurfaceomeTransporter,SLC30A8
SurfaceomeKinase,TNK2
SurfaceomeEnzyme,UGT8
SurfaceomeEnzyme,1-Mar
Surfaceome,XG
SurfaceomeT cell co-stimulator,SLAMF9
SurfaceomeIonChannel,BEST3
Surfaceome,LY6D
Surfaceome,MPEG1
SurfaceomeIonChannel,TMEM37
SurfaceomeKinase,PRKD1
Surfaceome,LRRC19
SurfaceomeTransporter,SLC17A9
SurfaceomeTransporter,SLC7A4
SurfaceomeTransporter,SLC45A1
SurfaceomeEnzyme,PPAPDC1B
Surfaceome,SEMA5B
SurfaceomeTransporter,SLC12A8
Surfaceome,JPH1
Surfaceome,PRR7
Surfaceome,RPRM
SurfaceomeT cell co-stimulatorCTLDs V NK receptor,CLECL1
Surfaceome,LINGO4
SurfaceomeTransporter,SLC16A11
SurfaceomeIL-10 receptor family,IL22RA1
Surfaceome,SV2B
SurfaceomeIonChannel,SCN8A
SurfaceomeIonChannel,TRPV1
SurfaceomeIonChannel,KCNN2
SurfaceomeT cell co-stimulator,SLAMF8
SurfaceomeIgSF_CAM,SIGLEC8
SurfaceomeEnzyme,SC5D
Surfaceome,C1orf233
Surfaceome,LRRC37A3
SurfaceomeTransporter,SLC17A3
Surfaceome,DCST2
SurfaceomeCTLDs V NK receptor,CLEC9A
SurfaceomeIonChannel,FXYD5
SurfaceomeIgSF_CAM,VSIG8
Surfaceome,VSIG10L
Surfaceome,MS4A15
SurfaceomeTransporter,SLC38A3
Surfaceome,RHD
Surfaceome,LIME1
SurfaceomeTransporter,SLC30A10
Surfaceome,RNF150
Surfaceome,PTCHD2
SurfaceomeTetraspanin,ROM1
SurfaceomeTransporter,ABCA13
Surfaceome,LSMEM1
Surfaceome,CNTNAP5
SurfaceomeIgSF_CAM,VSIG1
SurfaceomeEnzyme,TMPRSS11A
SurfaceomeIonChannel,HCN3
SurfaceomeEnzyme,MFNG
SurfaceomeT cell co-stimulator/co-inhibitor,TIMD4
Surfaceome,MPZL3
SurfaceomeKinase,PRKCH
Surfaceome,LRRN3
SurfaceomeIonChannel,SCN3A
Surfaceome,NIPAL4
Surfaceome,CEACAM19
SurfaceomeIonChannel,KCNT2
Surfaceome,GPR137B
Surfaceome,CLDN14
SurfaceomeIonChannel,KCNJ16
Surfaceome,LRRN2
Surfaceome,ASTN1
SurfaceomeEnzyme,CHPF2
Surfaceome,PCNXL2
Surfaceome,LINGO3
SurfaceomeIgSF_CAM,SIGLEC11
Surfaceome,TMEM145
SurfaceomeEnzyme,ENPP5
SurfaceomeIgSF_CAM,SIGLEC15
Surfaceome,TMEM171
SurfaceomeTransporter,ATP2C2
Surfaceome,SCIMP
Surfaceome,TMEM255B
SurfaceomeEnzyme,RP11-35N6.1
Surfaceome,NKG7
SurfaceomeIgSF_CAM,UNC5D
Surfaceome,PRRG1
Surfaceome,BRICD5
SurfaceomeEnzyme,ENTPD3
Surfaceome,KIAA1644
SurfaceomeScavenger receptor,SCARF1
SurfaceomeEnzyme,ZDHHC22
SurfaceomeIonChannel,KCNA4
Surfaceome,TMEM117
Surfaceome,C1orf162
Surfaceome,FAM171B
SurfaceomeMucin,MUC3A
SurfaceomeEnzyme,DUOXA1
Surfaceome,TMEM144
SurfaceomeIonChannel,KCNH1
Surfaceome,MAMDC4
Surfaceome,MFSD6L
SurfaceomeTransporter,SLC30A2
Surfaceome,SDC3
Surfaceome,IGDCC3
Surfaceome,NIPAL1
Surfaceome,SGCG
Surfaceome,FAM57A
Surfaceome,SHISA8
Surfaceome,C19orf18
Surfaceome,TMEM182
Surfaceome,NIPAL2
Surfaceome,GPR137C
SurfaceomeTransporter,SLC39A12
Surfaceome,CYYR1
SurfaceomeTransporter,SLC38A11
SurfaceomeIonChannel,TRPM3
Surfaceome,TM6SF1
SurfaceomeIgSF_CAM,LRFN5
Surfaceome,TMEM64
Surfaceome,CD300E
Surfaceome,C16orf52
SurfaceomeIonChannel,SCN11A
Surfaceome,MFSD7
Surfaceome,C15orf27
Surfaceome,TMEM132B
SurfaceomeTransporter,SLC4A8
Surfaceome,POPDC2
SurfaceomeNK cell co-stimulator,NCR1
Surfaceome,TMEM161A
Surfaceome,PCNXL4
Surfaceome,SUSD4
Surfaceome,CEACAM3
Surfaceome,OTOP1
SurfaceomeIonChannel,SCN10A
SurfaceomeEnzyme,ALG10B
Surfaceome,GJA10
Surfaceome,LRRC37A2
SurfaceomeEnzyme,ACPT
Surfaceome,HIAT1
Surfaceome,SVOP
Surfaceome,LHFPL1
Surfaceome,MFSD11
SurfaceomeTransporter,SLC35A5
Surfaceome,FAM73B
Surfaceome,LRP3
Surfaceome,C17orf78
SurfaceomeTransporter,ABCG4
SurfaceomeEnzyme,ADAM7
Surfaceome,CNTNAP3B
SurfaceomeIonChannel,KCNS2
SurfaceomeTransporter,ABCA10
Surfaceome,C1orf101
Surfaceome,SVOPL
Surfaceome,PTCHD3
SurfaceomeEnzyme,TMPRSS15
Surfaceome,IL1RAPL2
Surfaceome,MALRD1
Surfaceome,LRIT1
Surfaceome,LRIT3
Surfaceome,MANSC4
SurfaceomeTransporter,SLC35G5
Surfaceome,INAFM2
Surfaceome,IFITM5
Surfaceome,CLRN1
Surfaceome,FNDC9
Surfaceome,TMEM8C
SurfaceomeEnzyme,ADAM32
Surfaceome,CLDN25
SurfaceomeEnzyme,ADAM30
SurfaceomeEnzyme,ADAM21
Surfaceome,FAM187B
SurfaceomeMucin,MUC22
Surfaceome,LRRC37A
Surfaceome,RPRML
Surfaceome,TMEM225
SurfaceomeEnzyme,ADAM20
SurfaceomeGPCR,OR8S1
Surfaceome,OR2A42
SurfaceomeTransporter,SLC22A24
SurfaceomeTransporter,SLC36A3
SurfaceomeTransporter,SLC15A5
SurfaceomeKinase,LCK
SurfaceomeEnzyme,PLD1
Surfaceome,FRS2
Surfaceome,TIAM1
SurfaceomeEnzyme,MIB1
Surfaceome,MAPKAP1
SurfaceomeEnzyme,RRAD
Surfaceome,PKP3
SurfaceomeKinase,FES
Surfaceome,NHS
SurfaceomeEnzyme,MAGI1
SurfaceomeKinase,RIPK1
Surfaceome,BBS9
Surfaceome,JPH4
Surfaceome,AAMP
Surfaceome,SORBS1
Surfaceome,DLG5
Surfaceome,GPRIN1
SurfaceomeKinase,FER
Surfaceome,AMPH
Surfaceome,ADAP2
Surfaceome,RAPH1
SurfaceomeEnzyme,PPP1R16A
SurfaceomeEnzyme,PIK3AP1
Surfaceome,IFIT5
Surfaceome,EPB41L1
Surfaceome,DNAJB4
Surfaceome,BBS2
Surfaceome,RAB11FIP2
SurfaceomeEnzyme,ST6GALNAC3
Surfaceome,PSD4
Surfaceome,TOLLIP
Surfaceome,BBS1
Surfaceome,C1QTNF1
Surfaceome,ERC1
Surfaceome,TULP1
Surfaceome,TMEM5
SurfaceomeEnzyme,ABHD2
Surfaceome,STRC
Surfaceome,TICAM2
Surfaceome,REPS1
Surfaceome,PALM2
Surfaceome,LRRC53
SurfaceomeEnzyme,PTPN22
Surfaceome,DLG4
SurfaceomeEnzyme,ST8SIA4
Surfaceome,SH2B2
SurfaceomeEnzyme,PLA2G2F
Surfaceome,MSLNL
SurfaceomeKinase,MAP3K12
Surfaceome,PLEKHH2
Surfaceome,TBC1D30
SurfaceomeGPCR,NPY6R
Surfaceome,TSPEAR
SurfaceomeGPCR,OR2T7
SurfaceomeGPCR,OR8J2
Surfaceome,IRS1
Surfaceome,ARC
Surfaceome,LZTS1
Surfaceome,BLNK
Surfaceome,NOD2
Surfaceome,GRB7
Surfaceome,PRX
SurfaceomeEnzyme,NOS3
SurfaceomeEnzyme,GEM
SurfaceomeKinase,PTK6
Surfaceome,RGS2
Surfaceome,PSD
SurfaceomeEnzyme,MAGI2
SurfaceomeEnzyme,ARL4D
Surfaceome,MYO10
SurfaceomeKinase,BMX
Surfaceome,PARD6B
Surfaceome,OLFM4
SurfaceomeEnzyme,RASD2
Surfaceome,RGS1
SurfaceomeEnzyme,NEURL1
Surfaceome,CBLN1
Surfaceome,NTNG2
Surfaceome,RHOBTB2
SurfaceomeEnzyme,PDE2A
Surfaceome,FAM126B
SurfaceomeEnzyme,MAGI3
Surfaceome,PLEK2
SurfaceomeEnzyme,LPO
Surfaceome,PICK1
Surfaceome,ENOX1
SurfaceomeEnzyme,RASD1
SurfaceomeIonChannel,CACNB2
Surfaceome,MURC
Surfaceome,PLIN4
Surfaceome,AMER2
Surfaceome,OSBPL6
SurfaceomeEnzyme,STAMBPL1
Surfaceome,GPIHBP1
Surfaceome,BFSP1
SurfaceomeKinase,PXK
Surfaceome,ANKS1B
Surfaceome,SHC4
Surfaceome,SHANK1
Surfaceome,SYTL1
Surfaceome,SHROOM2
Surfaceome,BFSP2
SurfaceomeEnzyme,DGKG
Surfaceome,HYLS1
SurfaceomeEnzyme,ARL4A
Surfaceome,SCEL
Surfaceome,GNGT2
Surfaceome,C9orf135
SurfaceomeEnzyme,ARL6
Surfaceome,TRBV25-1
Surfaceome,PALM3
Surfaceome,SDCBP2
Surfaceome,LYPD6
Surfaceome,TRBV2
Surfaceome,ENOX2
Surfaceome,TRAV3
Surfaceome,GCC1
Surfaceome,RSC1A1
Surfaceome,SNTG2
Surfaceome,PRMT8
SurfaceomeIgSF_CAM,SIGLEC16
SurfaceomeIonChannelCTLDs X Polycystin family,PKD1L2
Surfaceome,IGHV4OR15-8
SurfaceomeEnzymeNK cell co-stimulator,TYROBP
Surfaceome,SMIM1
SurfaceomeTumor necrosis factor receptor superfamily,TNFRSF12A
Surfaceome,CD247
SurfaceomeNK cell co-stimulator,RAET1L
Surfaceome,SHH
SurfaceomeKinase,BLK
SurfaceomeNK cell co-stimulator,MICA
SurfaceomeGPCR,TAS2R5
SurfaceomeGPCR,TAS2R43
SurfaceomeGPCR,TAS2R10
SurfaceomeGPCR,OR2A1
SurfaceomeGPCR,GPR179
SurfaceomeGPCR,OR2H2
SurfaceomeGPCR,OR8B2
SurfaceomeGPCR,OR5T1
SurfaceomeTNF,TNFSF10
Surfaceome,MBP
Surfaceome,RHCE
SurfaceomeFc Receptor,FCAMR
SurfaceomeT cell co-inhibitor,PVRIG
SurfaceomeIgSF_CAM,SIGLECL1
SurfaceomeT cell co-stimulator,CD300LD
SurfaceomeGPCR,OPN1MW
SurfaceomeGPCR,OPN1MW2
SurfaceomeIgSF_CAM,SIGLEC14
Surfaceome,LILRA4
Surfaceome,NPTXR
Surfaceome,COL23A1
SurfaceomeGPCR,OR12D2
SurfaceomeGPCR,VN1R5
SurfaceomeNK cell co-stimulator,KIR2DS4
Surfaceome,SNCA
SurfaceomeTetraspanin,TSPAN10
SurfaceomeAtypical chemokine Receptor,PITPNM3
Surfaceome,HMMR
SurfaceomeGPCR,OR10C1
SurfaceomeTNFT cell co-stimulator,TNFSF9
SurfaceomeEnzyme,STEAP1
SurfaceomeCTLDs II Type 2 receptor,CLEC10A
SurfaceomeCTLDs II Type 2 receptor,CD207
SurfaceomeTetraspanin,PRPH2
SurfaceomeTetraspanin,TSPAN32
SurfaceomeT cell co-stimulator,BTNL8
SurfaceomeNK cell co-stimulator,HCST
Surfaceome,GP9
SurfaceomeTetraspanin,TSPAN16
SurfaceomeKinase,GUCY2F
SurfaceomeCTLDs II Type 2 receptor,CLEC4D
SurfaceomeT cell co-inhibitor,BTNL2
SurfaceomeNK cell co-inhibitorCTLDs V NK receptor,KLRC4
SurfaceomeCTLDs II Type 2 receptor,CLEC4C
SurfaceomeGPCR,OR8B3
SurfaceomeIgSF_CAM,MADCAM1
SurfaceomeGPCR,OR13C6P
SurfaceomeGPCR,OR2W5
SurfaceomeGPCR,VN1R17P
SurfaceomeEnzyme,GAD2
SurfaceomeGPCR,OR2L8
SurfaceomeGPCR,OR10X1
SurfaceomeGPCR,OR10A6
SurfaceomeGPCR,OR1S1
SurfaceomeGPCR,OR52R1
SurfaceomeGPCR,OR4C16
SurfaceomeGPCR,OR5D13
SurfaceomeGPCR,OR8K3
SurfaceomeCTLDs V NK receptor,KLRG2
Surfaceome,IGLL1
SurfaceomeGPCR,TAS2R13
SurfaceomeGPCR,TAS2R20
SurfaceomeGPCR,TAS2R42
SurfaceomeEnzyme,FUT3
Surfaceome,XK
SurfaceomeNK cell co-stimulator,KMT2E
SurfaceomeCTLDs V NK receptor,CLEC2L
Surfaceome,SORCS3
SurfaceomeCTLDs II Type 2 receptor,CLEC4E
Surfaceome,NINJ1
SurfaceomeCTLDs II Type 2 receptor,CLEC4F
SurfaceomeCTLDs II Type 2 receptor,CLEC6A
SurfaceomeGPCR,OR4F29
SurfaceomeKinase,AATK
Surfaceome,LILRA6
SurfaceomeIgSF_CAM,IZUMO1R
SurfaceomeCTLDs V NK receptor,KLRAP1
SurfaceomeGPCR,OR51G1
SurfaceomeGPCR,OR5L1
SurfaceomeEnzyme,DPEP3
SurfaceomeGPCR,TAS2R60
SurfaceomeGPCR,TAS2R41
Surfaceome,PIANP
SurfaceomeTNFT cell co-stimulator,LTA
Surfaceome,VPREB1
Surfaceome,KAAG1
Surfaceome,HLA-DRB9
Surfaceome,HLA-DQB3
