PMID35121907_TableS36_DrugDevelopment_Discovery_Precedence	gene
DrugDevelopmentLevel_Discovery_Precedence	ITGB1
DrugDevelopmentLevel_Discovery_Precedence	MC1R
DrugDevelopmentLevel_Discovery_Precedence	CD38
DrugDevelopmentLevel_Discovery_Precedence	IL2RG
DrugDevelopmentLevel_Discovery_Precedence	RYR2
DrugDevelopmentLevel_Discovery_Precedence	CD274
DrugDevelopmentLevel_Discovery_Precedence	CTLA4
DrugDevelopmentLevel_Discovery_Precedence	IL6R
DrugDevelopmentLevel_Discovery_Precedence	LEPR
DrugDevelopmentLevel_Discovery_Precedence	CD33
DrugDevelopmentLevel_Discovery_Precedence	TNF
DrugDevelopmentLevel_Discovery_Precedence	EPOR
DrugDevelopmentLevel_Discovery_Precedence	SSTR5
DrugDevelopmentLevel_Discovery_Precedence	SSTR2
DrugDevelopmentLevel_Discovery_Precedence	TNFSF13B
DrugDevelopmentLevel_Discovery_Precedence	SSTR1
DrugDevelopmentLevel_Discovery_Precedence	CD22
DrugDevelopmentLevel_Discovery_Precedence	PTH1R
DrugDevelopmentLevel_Discovery_Precedence	NGFR
DrugDevelopmentLevel_Discovery_Precedence	ATP1B1
DrugDevelopmentLevel_Discovery_Precedence	CCR4
DrugDevelopmentLevel_Discovery_Precedence	ITGB2
DrugDevelopmentLevel_Discovery_Precedence	ATP1B2
DrugDevelopmentLevel_Discovery_Precedence	GLP1R
DrugDevelopmentLevel_Discovery_Precedence	GABRD
DrugDevelopmentLevel_Discovery_Precedence	RAMP3
DrugDevelopmentLevel_Discovery_Precedence	RAMP1
DrugDevelopmentLevel_Discovery_Precedence	HCAR2
DrugDevelopmentLevel_Discovery_Precedence	IL17RA
DrugDevelopmentLevel_Discovery_Precedence	ITGB7
DrugDevelopmentLevel_Discovery_Precedence	ATP1B3
DrugDevelopmentLevel_Discovery_Precedence	GABRP
DrugDevelopmentLevel_Discovery_Precedence	SSTR3
DrugDevelopmentLevel_Discovery_Precedence	GABRE
DrugDevelopmentLevel_Discovery_Precedence	LHCGR
DrugDevelopmentLevel_Discovery_Precedence	FSHR
DrugDevelopmentLevel_Discovery_Precedence	RAMP2
DrugDevelopmentLevel_Discovery_Precedence	TAAR1
DrugDevelopmentLevel_Discovery_Precedence	HCN1
DrugDevelopmentLevel_Discovery_Precedence	SSTR4
DrugDevelopmentLevel_Discovery_Precedence	IL5RA
DrugDevelopmentLevel_Discovery_Precedence	CALCR
DrugDevelopmentLevel_Discovery_Precedence	CTNNB1
DrugDevelopmentLevel_Discovery_Precedence	KISS1R
DrugDevelopmentLevel_Discovery_Precedence	SPHK1
DrugDevelopmentLevel_Discovery_Precedence	GPER1
DrugDevelopmentLevel_Discovery_Precedence	SLC2A1
DrugDevelopmentLevel_Discovery_Precedence	ABCG2
DrugDevelopmentLevel_Discovery_Precedence	PLD1
DrugDevelopmentLevel_Discovery_Precedence	SLC7A11
DrugDevelopmentLevel_Discovery_Precedence	F3
DrugDevelopmentLevel_Discovery_Precedence	SLC16A3
DrugDevelopmentLevel_Discovery_Precedence	LDLR
DrugDevelopmentLevel_Discovery_Precedence	LPAR1
DrugDevelopmentLevel_Discovery_Precedence	MMP14
DrugDevelopmentLevel_Discovery_Precedence	CTSG
DrugDevelopmentLevel_Discovery_Precedence	ROS1
DrugDevelopmentLevel_Discovery_Precedence	NOX1
DrugDevelopmentLevel_Discovery_Precedence	CDC42
DrugDevelopmentLevel_Discovery_Precedence	DLK1
DrugDevelopmentLevel_Discovery_Precedence	ABCC1
DrugDevelopmentLevel_Discovery_Precedence	FOLH1
DrugDevelopmentLevel_Discovery_Precedence	SLC19A1
DrugDevelopmentLevel_Discovery_Precedence	ICAM1
DrugDevelopmentLevel_Discovery_Precedence	PLAUR
DrugDevelopmentLevel_Discovery_Precedence	MAPT
DrugDevelopmentLevel_Discovery_Precedence	SLC2A3
DrugDevelopmentLevel_Discovery_Precedence	OGT
DrugDevelopmentLevel_Discovery_Precedence	PTPN22
DrugDevelopmentLevel_Discovery_Precedence	NOTCH3
DrugDevelopmentLevel_Discovery_Precedence	BACE2
DrugDevelopmentLevel_Discovery_Precedence	ST14
DrugDevelopmentLevel_Discovery_Precedence	LPL
DrugDevelopmentLevel_Discovery_Precedence	MMP16
DrugDevelopmentLevel_Discovery_Precedence	NOX4
DrugDevelopmentLevel_Discovery_Precedence	CX3CR1
DrugDevelopmentLevel_Discovery_Precedence	SCARB1
DrugDevelopmentLevel_Discovery_Precedence	TRPM2
DrugDevelopmentLevel_Discovery_Precedence	TGFBR2
DrugDevelopmentLevel_Discovery_Precedence	SNCA
DrugDevelopmentLevel_Discovery_Precedence	PTPN13
DrugDevelopmentLevel_Discovery_Precedence	SHH
DrugDevelopmentLevel_Discovery_Precedence	TLR2
DrugDevelopmentLevel_Discovery_Precedence	NOTCH2
DrugDevelopmentLevel_Discovery_Precedence	TYRO3
DrugDevelopmentLevel_Discovery_Precedence	GPR35
DrugDevelopmentLevel_Discovery_Precedence	HSPA8
DrugDevelopmentLevel_Discovery_Precedence	APP
DrugDevelopmentLevel_Discovery_Precedence	BMPR1B
DrugDevelopmentLevel_Discovery_Precedence	SLC16A1
DrugDevelopmentLevel_Discovery_Precedence	NT5E
DrugDevelopmentLevel_Discovery_Precedence	CD81
DrugDevelopmentLevel_Discovery_Precedence	NOS3
DrugDevelopmentLevel_Discovery_Precedence	PAK1
DrugDevelopmentLevel_Discovery_Precedence	MYLK
DrugDevelopmentLevel_Discovery_Precedence	PRNP
DrugDevelopmentLevel_Discovery_Precedence	BMPR1A
DrugDevelopmentLevel_Discovery_Precedence	ALPL
DrugDevelopmentLevel_Discovery_Precedence	CXCR3
DrugDevelopmentLevel_Discovery_Precedence	ACPP
DrugDevelopmentLevel_Discovery_Precedence	CD4
DrugDevelopmentLevel_Discovery_Precedence	ADAM17
DrugDevelopmentLevel_Discovery_Precedence	ITPR1
DrugDevelopmentLevel_Discovery_Precedence	MCHR1
DrugDevelopmentLevel_Discovery_Precedence	ENPP1
DrugDevelopmentLevel_Discovery_Precedence	ACVR2B
DrugDevelopmentLevel_Discovery_Precedence	PRF1
DrugDevelopmentLevel_Discovery_Precedence	DLG4
DrugDevelopmentLevel_Discovery_Precedence	ADCYAP1R1
DrugDevelopmentLevel_Discovery_Precedence	ADAM8
DrugDevelopmentLevel_Discovery_Precedence	DDR1
DrugDevelopmentLevel_Discovery_Precedence	NEDD4
DrugDevelopmentLevel_Discovery_Precedence	HSD17B2
DrugDevelopmentLevel_Discovery_Precedence	P2RY6
DrugDevelopmentLevel_Discovery_Precedence	FURIN
DrugDevelopmentLevel_Discovery_Precedence	PAM
DrugDevelopmentLevel_Discovery_Precedence	SLC22A2
DrugDevelopmentLevel_Discovery_Precedence	SLC1A1
DrugDevelopmentLevel_Discovery_Precedence	ABCC5
DrugDevelopmentLevel_Discovery_Precedence	TRPC6
DrugDevelopmentLevel_Discovery_Precedence	SLC1A2
DrugDevelopmentLevel_Discovery_Precedence	CAMK2G
DrugDevelopmentLevel_Discovery_Precedence	ASIC1
DrugDevelopmentLevel_Discovery_Precedence	ARF1
DrugDevelopmentLevel_Discovery_Precedence	TEC
DrugDevelopmentLevel_Discovery_Precedence	PTPRA
DrugDevelopmentLevel_Discovery_Precedence	SLC1A3
DrugDevelopmentLevel_Discovery_Precedence	PI4KA
DrugDevelopmentLevel_Discovery_Precedence	FCGR1A
DrugDevelopmentLevel_Discovery_Precedence	TNFRSF1A
DrugDevelopmentLevel_Discovery_Precedence	DNM2
DrugDevelopmentLevel_Discovery_Precedence	SLC2A2
DrugDevelopmentLevel_Discovery_Precedence	FES
DrugDevelopmentLevel_Discovery_Precedence	ACVR1
DrugDevelopmentLevel_Discovery_Precedence	MERTK
DrugDevelopmentLevel_Discovery_Precedence	SLC15A1
DrugDevelopmentLevel_Discovery_Precedence	TRPV6
DrugDevelopmentLevel_Discovery_Precedence	TMPRSS6
DrugDevelopmentLevel_Discovery_Precedence	TIE1
DrugDevelopmentLevel_Discovery_Precedence	BMX
DrugDevelopmentLevel_Discovery_Precedence	ADORA3
DrugDevelopmentLevel_Discovery_Precedence	TNK2
DrugDevelopmentLevel_Discovery_Precedence	FPR1
DrugDevelopmentLevel_Discovery_Precedence	SLC9A1
DrugDevelopmentLevel_Discovery_Precedence	CHRNA2
DrugDevelopmentLevel_Discovery_Precedence	CCR6
DrugDevelopmentLevel_Discovery_Precedence	AGER
DrugDevelopmentLevel_Discovery_Precedence	FPR2
DrugDevelopmentLevel_Discovery_Precedence	MARK2
DrugDevelopmentLevel_Discovery_Precedence	SLC22A1
DrugDevelopmentLevel_Discovery_Precedence	AOC3
DrugDevelopmentLevel_Discovery_Precedence	GPBAR1
DrugDevelopmentLevel_Discovery_Precedence	ABCB11
DrugDevelopmentLevel_Discovery_Precedence	TRPM4
DrugDevelopmentLevel_Discovery_Precedence	F2RL1
DrugDevelopmentLevel_Discovery_Precedence	RASGRP1
DrugDevelopmentLevel_Discovery_Precedence	LPAR5
DrugDevelopmentLevel_Discovery_Precedence	RIPK1
DrugDevelopmentLevel_Discovery_Precedence	ECE1
DrugDevelopmentLevel_Discovery_Precedence	ACKR3
DrugDevelopmentLevel_Discovery_Precedence	P2RY1
DrugDevelopmentLevel_Discovery_Precedence	MPEG1
DrugDevelopmentLevel_Discovery_Precedence	PTPRG
DrugDevelopmentLevel_Discovery_Precedence	LPAR3
DrugDevelopmentLevel_Discovery_Precedence	CAMK2A
DrugDevelopmentLevel_Discovery_Precedence	NOS1
DrugDevelopmentLevel_Discovery_Precedence	LTK
DrugDevelopmentLevel_Discovery_Precedence	SLC40A1
DrugDevelopmentLevel_Discovery_Precedence	ITPR3
DrugDevelopmentLevel_Discovery_Precedence	HSD17B7
DrugDevelopmentLevel_Discovery_Precedence	ADAM10
DrugDevelopmentLevel_Discovery_Precedence	ACVR2A
DrugDevelopmentLevel_Discovery_Precedence	PRSS8
DrugDevelopmentLevel_Discovery_Precedence	GPR39
DrugDevelopmentLevel_Discovery_Precedence	DAGLB
DrugDevelopmentLevel_Discovery_Precedence	GPR4
DrugDevelopmentLevel_Discovery_Precedence	TPSG1
DrugDevelopmentLevel_Discovery_Precedence	SLC47A1
DrugDevelopmentLevel_Discovery_Precedence	GPR17
DrugDevelopmentLevel_Discovery_Precedence	ALOX15B
DrugDevelopmentLevel_Discovery_Precedence	FCGRT
DrugDevelopmentLevel_Discovery_Precedence	NPY1R
DrugDevelopmentLevel_Discovery_Precedence	APLNR
DrugDevelopmentLevel_Discovery_Precedence	FER
DrugDevelopmentLevel_Discovery_Precedence	LPAR2
DrugDevelopmentLevel_Discovery_Precedence	QRFPR
DrugDevelopmentLevel_Discovery_Precedence	PTPRB
DrugDevelopmentLevel_Discovery_Precedence	GRM1
DrugDevelopmentLevel_Discovery_Precedence	HPN
DrugDevelopmentLevel_Discovery_Precedence	PTPRS
DrugDevelopmentLevel_Discovery_Precedence	PTPRF
DrugDevelopmentLevel_Discovery_Precedence	FOLR2
DrugDevelopmentLevel_Discovery_Precedence	KCNN2
DrugDevelopmentLevel_Discovery_Precedence	PIK3C2A
DrugDevelopmentLevel_Discovery_Precedence	FFAR4
DrugDevelopmentLevel_Discovery_Precedence	ASIC3
DrugDevelopmentLevel_Discovery_Precedence	MMP15
DrugDevelopmentLevel_Discovery_Precedence	SLC13A5
DrugDevelopmentLevel_Discovery_Precedence	GIPR
DrugDevelopmentLevel_Discovery_Precedence	PRLHR
DrugDevelopmentLevel_Discovery_Precedence	INSRR
DrugDevelopmentLevel_Discovery_Precedence	NAALAD2
DrugDevelopmentLevel_Discovery_Precedence	SLC46A1
DrugDevelopmentLevel_Discovery_Precedence	TMPRSS11D
DrugDevelopmentLevel_Discovery_Precedence	OXER1
DrugDevelopmentLevel_Discovery_Precedence	GRM8
DrugDevelopmentLevel_Discovery_Precedence	GPR183
DrugDevelopmentLevel_Discovery_Precedence	NPBWR1
DrugDevelopmentLevel_Discovery_Precedence	CCR8
DrugDevelopmentLevel_Discovery_Precedence	PLA2G2F
DrugDevelopmentLevel_Discovery_Precedence	PKN2
DrugDevelopmentLevel_Discovery_Precedence	SLC47A2
DrugDevelopmentLevel_Discovery_Precedence	MUSK
DrugDevelopmentLevel_Discovery_Precedence	CAMK2B
DrugDevelopmentLevel_Discovery_Precedence	SLC10A1
DrugDevelopmentLevel_Discovery_Precedence	NPSR1
DrugDevelopmentLevel_Discovery_Precedence	CYSLTR2
DrugDevelopmentLevel_Discovery_Precedence	GPR88
DrugDevelopmentLevel_Discovery_Precedence	AGTR2
DrugDevelopmentLevel_Discovery_Precedence	PKN1
DrugDevelopmentLevel_Discovery_Precedence	SORT1
DrugDevelopmentLevel_Discovery_Precedence	C3AR1
DrugDevelopmentLevel_Discovery_Precedence	NTSR2
DrugDevelopmentLevel_Discovery_Precedence	AAK1
DrugDevelopmentLevel_Discovery_Precedence	GPR84
DrugDevelopmentLevel_Discovery_Precedence	LPAR6
DrugDevelopmentLevel_Discovery_Precedence	CCR3
DrugDevelopmentLevel_Discovery_Precedence	CAMK2D
DrugDevelopmentLevel_Discovery_Precedence	SLC5A4
DrugDevelopmentLevel_Discovery_Precedence	P2RY10
DrugDevelopmentLevel_Discovery_Precedence	GPR174
DrugDevelopmentLevel_Discovery_Precedence	P2RY11
DrugDevelopmentLevel_Discovery_Precedence	DAGLA
DrugDevelopmentLevel_Discovery_Precedence	ACVR1B
DrugDevelopmentLevel_Discovery_Precedence	SLC28A2
DrugDevelopmentLevel_Discovery_Precedence	TRPC3
DrugDevelopmentLevel_Discovery_Precedence	PROKR1
DrugDevelopmentLevel_Discovery_Precedence	SLC27A1
DrugDevelopmentLevel_Discovery_Precedence	NPFFR2
DrugDevelopmentLevel_Discovery_Precedence	SLC11A2
DrugDevelopmentLevel_Discovery_Precedence	KCNJ1
DrugDevelopmentLevel_Discovery_Precedence	NPFFR1
DrugDevelopmentLevel_Discovery_Precedence	LPAR4
DrugDevelopmentLevel_Discovery_Precedence	MC3R
DrugDevelopmentLevel_Discovery_Precedence	SLC6A7
DrugDevelopmentLevel_Discovery_Precedence	MC5R
DrugDevelopmentLevel_Discovery_Precedence	GPR55
DrugDevelopmentLevel_Discovery_Precedence	NPY2R
DrugDevelopmentLevel_Discovery_Precedence	SLC5A7
DrugDevelopmentLevel_Discovery_Precedence	GPR139
DrugDevelopmentLevel_Discovery_Precedence	GABRR1
DrugDevelopmentLevel_Discovery_Precedence	SLC6A5
DrugDevelopmentLevel_Discovery_Precedence	GALR3
DrugDevelopmentLevel_Discovery_Precedence	NPY4R
DrugDevelopmentLevel_Discovery_Precedence	GLRA3
DrugDevelopmentLevel_Discovery_Precedence	TMPRSS15
DrugDevelopmentLevel_Discovery_Precedence	GLRA2
DrugDevelopmentLevel_Discovery_Precedence	GRM4
DrugDevelopmentLevel_Discovery_Precedence	BRS3
DrugDevelopmentLevel_Discovery_Precedence	GPR119
DrugDevelopmentLevel_Discovery_Precedence	GPR142
DrugDevelopmentLevel_Discovery_Precedence	MCHR2
DrugDevelopmentLevel_Discovery_Precedence	PRMT8
DrugDevelopmentLevel_Discovery_Precedence	MRGPRX1
DrugDevelopmentLevel_Discovery_Precedence	P2RY4
DrugDevelopmentLevel_Discovery_Precedence	CHRNB3
DrugDevelopmentLevel_Discovery_Precedence	NMUR2
DrugDevelopmentLevel_Discovery_Precedence	CDH1
DrugDevelopmentLevel_Discovery_Precedence	GNAS
DrugDevelopmentLevel_Discovery_Precedence	RAC1
DrugDevelopmentLevel_Discovery_Precedence	IRS1
DrugDevelopmentLevel_Discovery_Precedence	MUC1
DrugDevelopmentLevel_Discovery_Precedence	EPCAM
DrugDevelopmentLevel_Discovery_Precedence	THBS1
DrugDevelopmentLevel_Discovery_Precedence	CD46
DrugDevelopmentLevel_Discovery_Precedence	CD44
DrugDevelopmentLevel_Discovery_Precedence	CD1C
DrugDevelopmentLevel_Discovery_Precedence	CD1A
DrugDevelopmentLevel_Discovery_Precedence	CLTC
DrugDevelopmentLevel_Discovery_Precedence	PDPN
DrugDevelopmentLevel_Discovery_Precedence	SLC1A5
DrugDevelopmentLevel_Discovery_Precedence	CD40LG
DrugDevelopmentLevel_Discovery_Precedence	ABCB6
DrugDevelopmentLevel_Discovery_Precedence	CD36
DrugDevelopmentLevel_Discovery_Precedence	CD69
DrugDevelopmentLevel_Discovery_Precedence	PRLR
DrugDevelopmentLevel_Discovery_Precedence	RHOA
DrugDevelopmentLevel_Discovery_Precedence	ITLN1
DrugDevelopmentLevel_Discovery_Precedence	CDH3
DrugDevelopmentLevel_Discovery_Precedence	CEACAM5
DrugDevelopmentLevel_Discovery_Precedence	CDH6
DrugDevelopmentLevel_Discovery_Precedence	AQP4
DrugDevelopmentLevel_Discovery_Precedence	NCAM1
DrugDevelopmentLevel_Discovery_Precedence	CD55
DrugDevelopmentLevel_Discovery_Precedence	ALPP
DrugDevelopmentLevel_Discovery_Precedence	TSG101
DrugDevelopmentLevel_Discovery_Precedence	NF2
DrugDevelopmentLevel_Discovery_Precedence	DSG2
DrugDevelopmentLevel_Discovery_Precedence	FCGR3A
DrugDevelopmentLevel_Discovery_Precedence	CD1B
DrugDevelopmentLevel_Discovery_Precedence	B2M
DrugDevelopmentLevel_Discovery_Precedence	P4HB
DrugDevelopmentLevel_Discovery_Precedence	RPSA
DrugDevelopmentLevel_Discovery_Precedence	TNFRSF9
DrugDevelopmentLevel_Discovery_Precedence	ABCC2
DrugDevelopmentLevel_Discovery_Precedence	TFPI
DrugDevelopmentLevel_Discovery_Precedence	S100A6
DrugDevelopmentLevel_Discovery_Precedence	TREM1
DrugDevelopmentLevel_Discovery_Precedence	IL21R
DrugDevelopmentLevel_Discovery_Precedence	TIAM1
DrugDevelopmentLevel_Discovery_Precedence	PTCH1
DrugDevelopmentLevel_Discovery_Precedence	CD1D
DrugDevelopmentLevel_Discovery_Precedence	ENG
DrugDevelopmentLevel_Discovery_Precedence	ENPP3
DrugDevelopmentLevel_Discovery_Precedence	S100A9
DrugDevelopmentLevel_Discovery_Precedence	SDCBP
DrugDevelopmentLevel_Discovery_Precedence	GRB7
DrugDevelopmentLevel_Discovery_Precedence	TREM2
DrugDevelopmentLevel_Discovery_Precedence	PTPRZ1
DrugDevelopmentLevel_Discovery_Precedence	RAB25
DrugDevelopmentLevel_Discovery_Precedence	RHOC
DrugDevelopmentLevel_Discovery_Precedence	ITGAM
DrugDevelopmentLevel_Discovery_Precedence	GZMA
DrugDevelopmentLevel_Discovery_Precedence	NRP1
DrugDevelopmentLevel_Discovery_Precedence	HLA-DQB1
DrugDevelopmentLevel_Discovery_Precedence	MICB
DrugDevelopmentLevel_Discovery_Precedence	JAG1
DrugDevelopmentLevel_Discovery_Precedence	FCGR2A
DrugDevelopmentLevel_Discovery_Precedence	IL7R
DrugDevelopmentLevel_Discovery_Precedence	PVR
DrugDevelopmentLevel_Discovery_Precedence	ITGB4
DrugDevelopmentLevel_Discovery_Precedence	HAVCR2
DrugDevelopmentLevel_Discovery_Precedence	VDAC1
DrugDevelopmentLevel_Discovery_Precedence	CX3CL1
DrugDevelopmentLevel_Discovery_Precedence	TJP1
DrugDevelopmentLevel_Discovery_Precedence	RRAD
DrugDevelopmentLevel_Discovery_Precedence	PKD2
DrugDevelopmentLevel_Discovery_Precedence	RGS2
DrugDevelopmentLevel_Discovery_Precedence	CD59
DrugDevelopmentLevel_Discovery_Precedence	ITGB5
DrugDevelopmentLevel_Discovery_Precedence	FZD2
DrugDevelopmentLevel_Discovery_Precedence	AQP5
DrugDevelopmentLevel_Discovery_Precedence	APLP1
DrugDevelopmentLevel_Discovery_Precedence	PROCR
DrugDevelopmentLevel_Discovery_Precedence	VLDLR
DrugDevelopmentLevel_Discovery_Precedence	THBD
DrugDevelopmentLevel_Discovery_Precedence	TNFRSF17
DrugDevelopmentLevel_Discovery_Precedence	ADIPOR2
DrugDevelopmentLevel_Discovery_Precedence	NRP2
DrugDevelopmentLevel_Discovery_Precedence	DSP
DrugDevelopmentLevel_Discovery_Precedence	FZD4
DrugDevelopmentLevel_Discovery_Precedence	CD209
DrugDevelopmentLevel_Discovery_Precedence	SERPINA5
DrugDevelopmentLevel_Discovery_Precedence	ITGA2
DrugDevelopmentLevel_Discovery_Precedence	CEACAM1
DrugDevelopmentLevel_Discovery_Precedence	ITGA5
DrugDevelopmentLevel_Discovery_Precedence	SORL1
DrugDevelopmentLevel_Discovery_Precedence	MR1
DrugDevelopmentLevel_Discovery_Precedence	KITLG
DrugDevelopmentLevel_Discovery_Precedence	FCER1A
DrugDevelopmentLevel_Discovery_Precedence	CXADR
DrugDevelopmentLevel_Discovery_Precedence	MPZ
DrugDevelopmentLevel_Discovery_Precedence	IQGAP1
DrugDevelopmentLevel_Discovery_Precedence	CANT1
DrugDevelopmentLevel_Discovery_Precedence	IL3RA
DrugDevelopmentLevel_Discovery_Precedence	RALA
DrugDevelopmentLevel_Discovery_Precedence	MRC1
DrugDevelopmentLevel_Discovery_Precedence	PECAM1
DrugDevelopmentLevel_Discovery_Precedence	DLG1
DrugDevelopmentLevel_Discovery_Precedence	NCR3
DrugDevelopmentLevel_Discovery_Precedence	STIM1
DrugDevelopmentLevel_Discovery_Precedence	GGT1
DrugDevelopmentLevel_Discovery_Precedence	TNFRSF14
DrugDevelopmentLevel_Discovery_Precedence	FZD5
DrugDevelopmentLevel_Discovery_Precedence	MYO10
DrugDevelopmentLevel_Discovery_Precedence	STEAP4
DrugDevelopmentLevel_Discovery_Precedence	LTB4R2
DrugDevelopmentLevel_Discovery_Precedence	EPB41L3
DrugDevelopmentLevel_Discovery_Precedence	ASTN2
DrugDevelopmentLevel_Discovery_Precedence	GP1BA
DrugDevelopmentLevel_Discovery_Precedence	DUSP15
DrugDevelopmentLevel_Discovery_Precedence	HLA-DPB1
DrugDevelopmentLevel_Discovery_Precedence	SMPD1
DrugDevelopmentLevel_Discovery_Precedence	FCGR2B
DrugDevelopmentLevel_Discovery_Precedence	HLA-DRA
DrugDevelopmentLevel_Discovery_Precedence	MAGI1
DrugDevelopmentLevel_Discovery_Precedence	FZD7
DrugDevelopmentLevel_Discovery_Precedence	ITGA1
DrugDevelopmentLevel_Discovery_Precedence	PVRL1
DrugDevelopmentLevel_Discovery_Precedence	LRP6
DrugDevelopmentLevel_Discovery_Precedence	ANTXR2
DrugDevelopmentLevel_Discovery_Precedence	ASGR1
DrugDevelopmentLevel_Discovery_Precedence	APBB1
DrugDevelopmentLevel_Discovery_Precedence	GRK5
DrugDevelopmentLevel_Discovery_Precedence	CD207
DrugDevelopmentLevel_Discovery_Precedence	LAIR1
DrugDevelopmentLevel_Discovery_Precedence	PTPRT
DrugDevelopmentLevel_Discovery_Precedence	ADAP1
DrugDevelopmentLevel_Discovery_Precedence	IL13RA1
DrugDevelopmentLevel_Discovery_Precedence	CTNNA1
DrugDevelopmentLevel_Discovery_Precedence	STEAP3
DrugDevelopmentLevel_Discovery_Precedence	FCGR3B
DrugDevelopmentLevel_Discovery_Precedence	ITGB6
DrugDevelopmentLevel_Discovery_Precedence	GP6
DrugDevelopmentLevel_Discovery_Precedence	ROBO1
DrugDevelopmentLevel_Discovery_Precedence	SORBS1
DrugDevelopmentLevel_Discovery_Precedence	DYSF
DrugDevelopmentLevel_Discovery_Precedence	NLGN1
DrugDevelopmentLevel_Discovery_Precedence	IFNGR2
DrugDevelopmentLevel_Discovery_Precedence	DYNC2H1
DrugDevelopmentLevel_Discovery_Precedence	CACNG2
DrugDevelopmentLevel_Discovery_Precedence	PREX1
DrugDevelopmentLevel_Discovery_Precedence	ASPH
DrugDevelopmentLevel_Discovery_Precedence	BTN3A1
DrugDevelopmentLevel_Discovery_Precedence	SYNE2
DrugDevelopmentLevel_Discovery_Precedence	SYTL2
DrugDevelopmentLevel_Discovery_Precedence	B4GALT1
DrugDevelopmentLevel_Discovery_Precedence	PTPRE
DrugDevelopmentLevel_Discovery_Precedence	PICK1
DrugDevelopmentLevel_Discovery_Precedence	IL22RA1
DrugDevelopmentLevel_Discovery_Precedence	PIP5K1A
DrugDevelopmentLevel_Discovery_Precedence	RGMB
DrugDevelopmentLevel_Discovery_Precedence	GYPA
DrugDevelopmentLevel_Discovery_Precedence	CD47
DrugDevelopmentLevel_Discovery_Precedence	AHNAK2
DrugDevelopmentLevel_Discovery_Precedence	SIGLEC8
DrugDevelopmentLevel_Discovery_Precedence	SIRPA
DrugDevelopmentLevel_Discovery_Precedence	BST1
DrugDevelopmentLevel_Discovery_Precedence	SLC4A1
DrugDevelopmentLevel_Discovery_Precedence	NCAM2
DrugDevelopmentLevel_Discovery_Precedence	ARF6
DrugDevelopmentLevel_Discovery_Precedence	ITGB8
DrugDevelopmentLevel_Discovery_Precedence	PTPRM
DrugDevelopmentLevel_Discovery_Precedence	TMPRSS11E
DrugDevelopmentLevel_Discovery_Precedence	GNAI3
DrugDevelopmentLevel_Discovery_Precedence	NCS1
DrugDevelopmentLevel_Discovery_Precedence	ESYT2
DrugDevelopmentLevel_Discovery_Precedence	CLEC4M
DrugDevelopmentLevel_Discovery_Precedence	RHCG
DrugDevelopmentLevel_Discovery_Precedence	SLC9A2
DrugDevelopmentLevel_Discovery_Precedence	TIMD4
DrugDevelopmentLevel_Discovery_Precedence	MRC2
DrugDevelopmentLevel_Discovery_Precedence	RAB11A
DrugDevelopmentLevel_Discovery_Precedence	GPR18
DrugDevelopmentLevel_Discovery_Precedence	SIGLEC7
DrugDevelopmentLevel_Discovery_Precedence	TPBG
DrugDevelopmentLevel_Discovery_Precedence	BCAP31
DrugDevelopmentLevel_Discovery_Precedence	RP2
DrugDevelopmentLevel_Discovery_Precedence	PIK3AP1
DrugDevelopmentLevel_Discovery_Precedence	MPP5
DrugDevelopmentLevel_Discovery_Precedence	PLXND1
DrugDevelopmentLevel_Discovery_Precedence	GPR34
DrugDevelopmentLevel_Discovery_Precedence	TYROBP
DrugDevelopmentLevel_Discovery_Precedence	KCNJ3
DrugDevelopmentLevel_Discovery_Precedence	MCOLN1
DrugDevelopmentLevel_Discovery_Precedence	MYO1C
DrugDevelopmentLevel_Discovery_Precedence	GNB1
DrugDevelopmentLevel_Discovery_Precedence	ENPP7
DrugDevelopmentLevel_Discovery_Precedence	KCNK1
DrugDevelopmentLevel_Discovery_Precedence	RAB11FIP2
DrugDevelopmentLevel_Discovery_Precedence	RAB8A
DrugDevelopmentLevel_Discovery_Precedence	TTC7B
DrugDevelopmentLevel_Discovery_Precedence	RND1
DrugDevelopmentLevel_Discovery_Precedence	SCN4B
DrugDevelopmentLevel_Discovery_Precedence	SELPLG
DrugDevelopmentLevel_Discovery_Precedence	PCDH15
DrugDevelopmentLevel_Discovery_Precedence	CYTH2
DrugDevelopmentLevel_Discovery_Precedence	VNN1
DrugDevelopmentLevel_Discovery_Precedence	ADGRB3
DrugDevelopmentLevel_Discovery_Precedence	CAPNS1
DrugDevelopmentLevel_Discovery_Precedence	SNX9
DrugDevelopmentLevel_Discovery_Precedence	GNAI1
DrugDevelopmentLevel_Discovery_Precedence	PILRA
DrugDevelopmentLevel_Discovery_Precedence	IYD
DrugDevelopmentLevel_Discovery_Precedence	DAG1
DrugDevelopmentLevel_Discovery_Precedence	SCARB2
DrugDevelopmentLevel_Discovery_Precedence	UMOD
DrugDevelopmentLevel_Discovery_Precedence	LRPAP1
DrugDevelopmentLevel_Discovery_Precedence	GALNT10
DrugDevelopmentLevel_Discovery_Precedence	FCAR
DrugDevelopmentLevel_Discovery_Precedence	RAB5C
DrugDevelopmentLevel_Discovery_Precedence	GP9
DrugDevelopmentLevel_Discovery_Precedence	NLGN4X
DrugDevelopmentLevel_Discovery_Precedence	PCDH1
DrugDevelopmentLevel_Discovery_Precedence	TULP1
DrugDevelopmentLevel_Discovery_Precedence	TAS2R31
DrugDevelopmentLevel_Discovery_Precedence	GAD2
DrugDevelopmentLevel_Discovery_Precedence	PI4K2A
DrugDevelopmentLevel_Discovery_Precedence	KCNJ6
DrugDevelopmentLevel_Discovery_Precedence	TAPBPL
DrugDevelopmentLevel_Discovery_Precedence	CEACAM8
DrugDevelopmentLevel_Discovery_Precedence	GRM7
DrugDevelopmentLevel_Discovery_Precedence	SV2C
DrugDevelopmentLevel_Discovery_Precedence	SIGLEC5
DrugDevelopmentLevel_Discovery_Precedence	ASAH2
DrugDevelopmentLevel_Discovery_Precedence	GRM6
DrugDevelopmentLevel_Discovery_Precedence	CLEC4C
DrugDevelopmentLevel_Discovery_Precedence	AQP10
DrugDevelopmentLevel_Discovery_Precedence	KCNK4
DrugDevelopmentLevel_Discovery_Precedence	PILRB
DrugDevelopmentLevel_Discovery_Precedence	ZDHHC20
